SMILES,type,temp,pCMC,AW_ST_CMC,Gamma_max,Area_min,Pi_CMC,pC20
CCCCCCCC(CC(F)C(F)(F)F)OS(=O)(=O)[O-].[Na+],anionic,25.0,2.83713700667807,20.0,1.6e-06,1.04,52.0,4.58874558440727
CCCCCCCCCCCCCCOCCOS(=O)(=O)[O-].[Na+],anionic,25.0,2.85698519974591,32.0,2.1e-06,0.79,40.0,3.8
CCCCCCCCCCCCS(=O)(=O)[O-].[K+],anionic,25.0,2.03151705144606,38.0,3.3e-06,0.5,34.0,2.41
CCCCCCCCC1(C)OCC(C[N+](C)(C)C)O1.[Br-],cationic,25.0,1.64016451766011,33.4,1.93e-06,0.86,38.4,2.48420388413066
CCCCCCCCCCC1(C)OCC(C[N+](C)(C)C)O1.[Br-],cationic,25.0,2.23210238398191,34.5,1.99e-06,0.83,37.3,3.00228203499349
CCCCCCCCCCC1OCC(C[N+](C)(C)C)O1.[Br-],cationic,25.0,2.51999305704285,30.77,1.69e-06,0.98,41.2,3.62018980571714
CCCCCCCCCCCC(=O)NCCC[N+](C)(C)Cc1ccccc1.[Cl-],cationic,25.0,3.59176003468815,29.2,9.51e-06,1.75,43.27,5.86
CCCCCCCCCCCCC(O)Cn1cc[n+](CCO)c1.[Br-],cationic,25.0,3.15490195998574,31.4,2.68e-06,0.61,41.0,3.78
CCCCCCCCCCCCCCCCOC(=O)C[n+]1cccc2ccc(CN3CCCCC3)c(O)c21.[Br-],cationic,25.0,3.30102999566398,42.5,5.23e-06,3.17,29.5,5.51
CCCCCCCCCCCCCCCCOC(=O)[N+](CC)(CC)CC.[I-],cationic,25.0,2.25963731050576,33.0,1.42e-06,1.17,38.78,2.36
CCCCCCCCCCCCCCCCOCC(O)C[n+]1ccn(C)c1.[Cl-],cationic,25.0,2.87289520163519,42.0,1.73e-06,0.96,29.78,3.75
CCCCCCCCCCCCCCCC[N+](C)(C)C.[Cl-],cationic,25.0,2.88605664769316,41.0,1.25e-06,0.54,31.0,4.1
CCCCCCCCCCCCCCCC[N+](C)(C)CCOC1OC(COC)C(OC)C(OC)C1OC.[Br-],cationic,25.0,3.67778070526608,35.1,1.11e-06,1.5,36.9,5.02
CCCCCCCCCCCCCCN=Cc1ccc([N+](C)(CC)CC)cc1.[I-],cationic,25.0,2.86966623150499,40.8,6.48e-06,0.26,31.0,3.02103981229641
CCCCCCCCCCCCCC[N+](C)CCO.[Br-],cationic,25.0,3.54668165995296,30.8,1.97e-06,0.84,41.2,4.49
CCCCCCCCCCCCCC[N+](CC(C)O)(CC(C)O)CC(C)O.[Br-],cationic,25.0,3.67162039656126,37.7,1.88e-06,0.89,34.3,4.44
CCCCCCCCCCCCOCC(O)Cn1cc[n+](CCC)c1.[Br-],cationic,25.0,3.59516628338006,27.7,1.93e-06,1.55,44.49,0.83
CCCCCCCCCCCC[N+](CCC)(CCC)CCC.[Br-],cationic,25.0,2.07058107428571,39.0,2.38e-06,0.7,33.0,2.54896156820335
CCCCCCCCCCCC[N+](CCC)CC(C)O.[Br-],cationic,25.0,5.95467702121334,26.2,2.86e-06,0.58,45.8,3.72
CCCCCCCCCCCC[N+]1(C)CCCC1=NCCc1ccccc1.[Br-],cationic,25.0,2.54211810326601,33.1,2.99e-06,0.56,38.68,3.09572014539112
CCCCCCCC[N+](C)(C)CCN=Cc1ccc(OC)c(OC)c1.[Br-],cationic,25.0,3.09420411963213,34.7,1.01e-06,1.65,37.07,4.53
C[N+](C)(CCO)CCC[Si](O[Si](C)(C)C)(O[Si](C)(C)C)O[Si](C)(C)C.[Cl-],cationic,25.0,1.94309514866353,21.2,1.01e-06,1.65,51.3,4.61386466322092
CCCCCCCCCCCCCCCC(=O)Oc1cccc2ccc[n+](CCCCCCCCCC[n+]3cccc4cccc(OC(=O)CCCCCCCCCCCCCCC)c43)c12.[Br-].[Br-],gemini cationic,25.0,2.60205999132796,46.0,4.18e-07,3.97,26.0,3.67778070526608
CCCCCCCCCCCCCCOc1ccc[n+](CCCCCC[n+]2cccc(OCCCCCCCCCCCCCC)c2)c1.[Br-].[Br-],gemini cationic,25.0,4.30102999566398,40.5,2.32e-06,0.71,31.46,4.7
CCCCCCCCCCCCCCOc1ccc[n+](CCCCC[n+]2cccc(OCCCCCCCCCCCCCC)c2)c1.[Br-].[Br-],gemini cationic,25.0,4.43179827593301,39.6,2.62e-06,0.63,32.4,4.82
CCCCCCCCCCCCCCOc1ccc[n+](CCCC[n+]2cccc(OCCCCCCCCCCCCCC)c2)c1.[Br-].[Br-],gemini cationic,25.0,4.56863623584101,41.6,2.7e-06,0.61,30.36,4.89
CCCCCCCCCCCCCC[N+]CC(O)COCC(C)(COCC(O)C[N+]CCCCCCCCCCCCCC)COCC(O)C[N+]CCCCCCCCCCCCCC.[Cl-].[Cl-].[Cl-],gemini cationic,25.0,3.65169513695184,34.0,2.88e-06,0.58,38.0,4.7
CCCCCCCCCCCCCC[n+]1ccc(C(=O)NCCCCCCNC(=O)c2cc[n+](CCCCCCCCCCCCCC)cc2)cc1.[Br-].[Br-],gemini cationic,25.0,5.0783135245164,43.0,2.29e-06,0.87,29.0,5.28
CCCCCCCCCCCCCCn1cc[n+](COCCCOC[n+]2ccn(CCCCCCCCCCCCCC)c2)c1.[Cl-].[Cl-],gemini cationic,25.0,3.37000000000009,36.4,2.22e-06,0.8,35.6,3.78028669388261
CCCCCCCCCCCCCCn1cc[n+](COCCOC[n+]2ccn(CCCCCCCCCCCCCC)c2)c1.[Cl-].[Cl-],gemini cationic,25.0,3.34000000000007,37.5,2.25e-06,0.78,34.5,3.71627147225301
CCCCCCCCCCCCOc1ccc(NC(=O)C[N+](C)(C)CC[N+](C)(C)CC(=O)Nc2ccc(OCCCCCCCCCCCC)cc2)cc1.[Br-].[Br-],gemini cationic,25.0,4.46306297729533,44.6,1.8e-06,0.92,27.4,4.69
CCCCCCCCCCCCOc1ccc[n+](CCCCC[n+]2cccc(OCCCCCCCCCCCC)c2)c1.[Br-].[Br-],gemini cationic,25.0,3.76955107862173,37.3,1.86e-06,0.89,34.75,4.47
CCCCCCCCCCCCOc1ccc[n+](CCCC[n+]2cccc(OCCCCCCCCCCCC)c2)c1.[Br-].[Br-],gemini cationic,25.0,3.85387196432176,38.8,2.07e-06,0.82,33.23,4.41
CCCCCCCCCCCC[N+](C)(C)CC(=O)OCCN(CCOC(=O)C[N+](C)(C)CCCCCCCCCC)CCOC(=O)C[N+](C)(C)CCCCCCCCCC.[Br-].[Br-].[Br-],gemini cationic,25.0,3.90657831483777,41.8,1.07e-06,1.55,30.2,4.32401774224052
CCCCCCCCCCCC[N+](C)(C)CCCCCC[N+](C)(C)CCCCCCCCCCCC.[Br-].[Br-],gemini cationic,25.0,2.9872,30.6,1.89e-06,0.88,42.2,3.78
CCCCCCCCCCCC[N+](CC)(CC)CC(=O)OCCOC(=O)C[N+](CC)(CC)CCCCCCCCCCCC.[Br-].[Br-],gemini cationic,25.0,3.1249387366083,40.9,1.02e-06,1.63,31.1,3.75
CCCCCCCCCCCC[n+]1ccc(C(=O)NCCCCCCNC(=O)c2cc[n+](CCCCCCCCCCCC)cc2)cc1.[Br-].[Br-],gemini cationic,25.0,4.56863623584101,44.5,1.9e-06,0.72,27.5,4.81
CCCCCCCCCCCCn1cc[n+](COCCCCCOC[n+]2ccn(CCCCCCCCCCCC)c2)c1.[Cl-].[Cl-],gemini cationic,25.0,3.25000000000004,38.1,2.24e-06,0.8,33.9,3.6123118933101
CCCCCCCCCCCn1cc[n+](COCCOC[n+]2ccn(CCCCCCCCCCC)c2)c1.[Cl-].[Cl-],gemini cationic,25.0,3.04,42.5,2.37e-06,0.72,29.5,3.2740405272634
CCCCCCCCCCNC(=O)C([N+])CCCNC([N+])N.[Cl-].[Cl-],gemini cationic,25.0,1.42021640338319,35.0,1.79e-06,0.62,37.0,1.97472936095109
CCCCCCCCCCOC(=O)C[N+](CC)(CC)c1ccc(C=NCCN=Cc2ccc([N+](CC)(CC)CC(=O)OCCCCCCCC)cc2)cc1.[Cl-].[Cl-],gemini cationic,25.0,2.2298847052129,39.9,8.1e-07,2.076,32.1,3.51004152057517
CCCCCCCCCCOCC(CCC[N+](C)(C)C)(CCC[N+](C)(C)C)COCCCCCCCCCC.[I-].[I-],gemini cationic,25.0,3.56863623584101,32.0,1.66e-06,1.0,40.0,4.55
CCCCCCCCCC[N+](C)(C)CCOCC[N+](C)(C)CCCCCCCCCC.[Br-].[Br-],gemini cationic,25.0,2.18111458540599,40.8,1.23e-06,1.35,31.2,2.71276813745388
CCCCCCCCC[N+](CCCCC[N+](CCCCCCCCC)CC(C)O)CC(C)O.[Br-].[Br-],gemini cationic,25.0,1.61083391563547,25.7,2.16e-06,1.15,46.3,3.04
CCCCCCCCOCC(CCC[N+](C)(C)C)(CCC[N+](C)(C)C)COCCCCCCCC.[I-].[I-],gemini cationic,25.0,2.71896663275227,31.4,1.66e-06,1.0,40.6,3.72
CCCCCCCCOc1ccc(NC(=O)C[N+](C)(C)CCCCCC[N+](C)(C)CC(=O)Nc2ccc(OCCCCCCCC)cc2)cc1.[Br-].[Br-],gemini cationic,25.0,3.96257350205938,36.0,9.9e-07,1.66,36.0,4.92
CCCCCCCC[N+](C)(C)CC(O)COCCOCCOCC(O)C[N+](C)(C)CCCCCCCC.[Br-].[Br-],gemini cationic,25.0,2.73945162736302,49.1,5.19e-07,3.2,22.9,3.42
CCCCCCCC[N+](CCCCC[N+](CCCCCCCC)(CC(C)O)CC(C)O)(CC(C)O)CC(C)O.[Br-].[Br-],gemini cationic,25.0,2.55752023093555,29.0,2.03e-06,1.23,43.0,3.79
CCCCCCCCn1cc[n+](COCCCCOC[n+]2ccn(CCCCCCCC)c2)c1.[Cl-].[Cl-],gemini cationic,25.0,2.79000000000001,46.7,2.43e-06,0.7,25.3,2.91734602828485
CCCCCCCn1cc[n+](COCCCCCOC[n+]2ccn(CCCCCCC)c2)c1.[Cl-].[Cl-],gemini cationic,25.0,2.75000000000001,47.8,2.44e-06,0.7,24.2,2.85050213150906
CCCCCn1cc[n+](COCCCCOC[n+]2ccn(CCCCC)c2)c1.[Cl-].[Cl-],gemini cationic,25.0,2.53000000000001,53.2,2.55e-06,0.64,18.8,2.50252378701603
CCCCCn1cc[n+](COCCOC[n+]2ccn(CCCCC)c2)c1.[Cl-].[Cl-],gemini cationic,25.0,2.49000000000001,55.5,2.61e-06,0.6,18.1,2.41170332028032
CCCCn1cc[n+](COCCCCCCOC[n+]2ccn(CCCC)c2)c1.[Cl-].[Cl-],gemini cationic,25.0,2.54,39.4,2.53e-06,0.65,32.6,2.83078087061117
CCCn1cc[n+](COCCCCCOC[n+]2ccn(CCC)c2)c1.[Cl-].[Cl-],gemini cationic,25.0,2.41,55.7,2.6e-06,0.62,16.3,2.326910875159
Cn1cc[n+](COCCCCCOC[n+]2ccn(C)c2)c1.[Cl-].[Cl-],gemini cationic,25.0,2.25000000000001,58.5,2.68e-06,0.58,13.5,2.10838985379056
CCCC(CCC)(CCC)[Si]O[Si](C)(CCSCCOCCOCCOCCOCCOCCOCCOCCOCCOCCOCCOCCOCCOCCOCCOCCO)O[Si]C(CCC)(CCC)CCC,non-ionic,25.0,3.69897000433602,31.1,1.28e-06,1.3,40.9,5.69
CCCCCCCCC(O)CO,non-ionic,25.0,2.63827216398241,23.2,5.1e-06,0.33,48.6,3.59
CCCCCCCCCCCCC(O)OCCOCCOCCOCCOCCOCCOCCOCC,non-ionic,25.0,4.56863623584101,35.3,2.78e-06,0.6,36.7,5.62
CCCCCCCCCCCCCCCCN(C)C(=O)COCOCOCO,non-ionic,20.0,5.11125903931711,33.5,3.65e-06,0.454942210184616,38.5,6.11
CCCCCCCCCCCCCCN(C)C(=O)COCOCOCO,non-ionic,20.0,4.62708799702989,34.2,3.97e-06,0.418271805333463,37.8,5.55
CCOCCOCCOCCOCCOCCOCCOCCOCCOCCOCCOCCOCCOCCOCCOCCSCC[Si](C)(O[Si](C)(C)c1cc[c]cc1)O[Si](C)(C)c1cc[c]cc1,non-ionic,25.0,4.61798295742513,40.4,9.7e-07,1.71,32.1,6.43
COCCOCCOCCOCCOCCOCCOCCOCCOCCOCCOCCCSCCC[Si](C)(O[Si](C)(C)C)O[Si](C)(C)C,non-ionic,25.0,3.83863199776503,21.5,3.48e-06,0.44,51.0,5.31
COCCOCCOCCOCCOCCOCCOCCOCCOCCOCCOCCCSCCC[Si](O[Si]C(C)C)(O[Si](C)(C)C)O[Si](C)(C)C,non-ionic,25.0,4.01010543628123,21.2,3.08e-06,0.54,51.3,5.84
CCCCCCCC(CC)O[C@@H]1O[C@H](CO)[C@@H](O)[C@H](O)[C@H]1O,sugar-based non-ionic,25.0,2.07058107428571,27.0,3.13e-06,0.53,44.97,3.46962945905344
CCCCCCCC/C=C\CCCCCCCCN(C)C(=O)[C@H](O)[C@@H](O)[C@H](O)[C@H](O)CO,sugar-based non-ionic,20.0,4.49485002168009,34.8,3.84e-06,0.43,38.0,5.4
CCCCCCCCCCC(=O)OC(O)[C@H]1O[C@H](OC[C@H]2O[C@H](OC[C@H]3O[C@H](O[C@]4(CO)O[C@H](CO)[C@@H](O)[C@@H]4O)[C@H](O)[C@@H](O)[C@@H]3O)[C@H](O)[C@@H](O)[C@H]2O)[C@H](O)[C@@H](O)[C@H]1O,sugar-based non-ionic,20.0,2.63827216398241,43.0,2.31e-06,0.72,29.75,3.33235692283769
CCCCCCCCCCCC(=O)N(C)CC(O)CO,sugar-based non-ionic,25.0,3.63827216398241,38.1,4.14e-06,0.4,33.9,3.29
CCCCCCCCCCOC1CC(O)C(OC2OC(CO)C(O)C(O)C2O)C(CO)O1,sugar-based non-ionic,25.0,2.69897000433602,35.6,2.97e-06,0.56,36.4,3.66618820887336
CCCCCCCCCCSC1OC(=O)[C@H](O)[C@@H](O)[C@@H]1O,sugar-based non-ionic,20.0,4.63827216398241,29.5,4.95e-06,0.34,43.25,5.4
CCCCCCCCSC1OC(CO)C(O)C(O)C1O,sugar-based non-ionic,20.0,2.07058107428571,28.7,3.06e-06,0.59,44.9,3.42707068851475
CC(C)CCCCCc1ccc(OCCOCCOCCOCCOCCOCCOCCOCCOCCOCCOCCOCCOCCOCCOCCOP(=O)([O-])[O-])cc1.[Na+].[Na+],anionic,25.0,1.77006231409207,,,,,
CCCCCCCC(CC)c1ccc(S(=O)(=O)[O-])cc1.[Na+],anionic,25.0,2.19997064075587,,,,,
CCCCCCCC(CCCCCCC)OS(=O)(=O)[O-].[Na+],anionic,25.0,2.76396685288236,,,,,
CCCCCCCCCC(CCS(=O)(=O)[O-])OCCC.[Na+],anionic,25.0,2.41998788747058,,,,,
CCCCCCCCCCC=CS(=O)(=O)[O-].[Na+],anionic,25.0,1.88605664769316,,,,,
CCCCCCCCCCCC(CC)OS(=O)(=O)[O-].[Na+],anionic,25.0,2.36703683183274,,,,,
CCCCCCCCCCCCC(C(=O)OCC)S(=O)(=O)[O-].[Na+],anionic,25.0,2.64781748188864,,,,,
CCCCCCCCCCCCC(CC)c1ccc(S(=O)(=O)[O-])cc1.[Na+],anionic,25.0,3.2800061736324,,,,,
CCCCCCCCCCCCCC(=O)CCS(=O)(=O)[O-].[Na+],anionic,40.0,2.73494621149599,,,,,
CCCCCCCCCCCCCC(CCS(=O)(=O)[O-])OC.[Na+],anionic,25.0,3.4719836588108,,,,,
CCCCCCCCCCCCCC(CCS(=O)(=O)[O-])OCCC.[Na+],anionic,25.0,4.08900228368936,,,,,
CCCCCCCCCCCCCC(OCC)(OCC)OS(=O)(=O)[O-].[Na+],anionic,25.0,3.07001940948449,,,,,
CCCCCCCCCCCCCCC=CS(=O)(=O)[O-].[Na+],anionic,25.0,3.12499664639996,,,,,
CCCCCCCCCCCCCCCC(OCC)(OCC)OS(=O)(=O)[O-].[Na+],anionic,25.0,3.62800908853509,,,,,
CCCCCCCCCCCCCCCCCCOCCOCCOCCOS(=O)(=O)[O-].[Na+],anionic,25.0,4.30102999566398,,,,,
CCCCCCCCCCCCOCCOCCOCCOS(=O)(=O)[O-].[Na+],anionic,25.0,2.55284196865778,,,,,
CCCCCCCCCCCCS(=O)(=O)[O-].CCC[N+](CCC)(CCC)CCC,anionic,25.0,2.65757731917779,,,,,
CCCCCCCCCCCOCCOCCS(=O)(=O)[O-].[Na+],anionic,25.0,2.53760200210104,,,,,
CCCCCCS(=O)(=O)[O-].[Na+],anionic,25.0,0.495937117321308,,,,,
CCCCCc1ccc(C[C@H](Nc2ccc(S(=O)(=O)[O-])cc2)C(=O)O)cc1.[Na+],anionic,25.0,1.85387196432176,,,,,
O=C([O-])C(F)(F)C(F)(F)C(F)(F)C(F)(F)C(F)(F)F.[Na+],anionic,25.0,1.52287874528034,,,,,
CCCCCCCCCCCCCCCCCC[n+]1ccccc1.[Cl-],cationic,25.0,3.61978875828839,,,,,
CCCCCCCCCCCCCCCCCCc1cc[nH+]cc1.[Cl-],cationic,25.0,3.61978875828839,,,,,
CCCCCCCCCCCCCC[N+](CC)(CC)CC.[Br-],cationic,25.0,2.50863830616573,,,,,
CCCCCCCCCCOCC[N+]1CCCCC1.[Cl-],cationic,25.0,1.59176003468815,,,,,
CCCCCCCCCC[N+](C)(C)Cc1ccccc1.[Cl-],cationic,25.0,1.4089353929735,,,,,
CCCCCCCCCCC(CSCCSCC(CCCCCCCCCC)[n+]1ccccc1)[n+]1ccccc1.[Br-].[Br-],gemini cationic,25.0,3.36703683183274,,,,,
CCCCCCCCCCCC(=O)OCC(C)[N+](C)(C)CC(O)CN(CCCCCCCC)CC(O)C[N+](C)(C)C(C)COC(=O)CCCCCCCCCCC.[Cl-].[Cl-],gemini cationic,25.0,4.26696331706642,,,,,
CCCCCCCCCCCCCCCC[N+](C)(C)CCCCCCC[N+](C)(C)CCCCCCCCCCCCCCCC.[Br-].[Br-],gemini cationic,25.0,4.58502665202918,,,,,
CCCCCCCCCCCCCCCC[N+](C)(C)CCCCC[N+](C)(C)CCCCCCCCCCCCCCCC.[Br-].[Br-],gemini cationic,25.0,4.4437,,,,,
CCCCCCCCCCCCCCOC(=O)C[n+]1ccc(CCCc2cc[n+](CC(=O)OCCCCCCCCCCCCCC)cc2)cc1.[Cl-].[Cl-],gemini cationic,25.0,3.8419392060634,,,,,
CCCCCCCCCCCC[N+](C)(C)C(=O)NCCNC(=O)[N+](C)(C)CCCCCCCCCCCC.[Cl-].[Cl-],gemini cationic,25.0,3.02701077314465,,,,,
CCCCCCCCCCCC[N+](C)(C)CCC(O)C[N+](C)(C)CCCCCCCCCCCC.[Br-].[Br-],gemini cationic,25.0,3.02701077314465,,,,,
CCCCCCCCCCCC[N+](C)(C)CCOCCOCCOCCOCCOCC[N+](C)(C)CCCCCCCCCCCC.[Br-].[Br-],gemini cationic,25.0,2.91010000000003,,,,,
CCCCCCCCCCCC[N+](C)(C)CCOCCOCC[N+](C)(C)CCCCCCCCCCCC.[Br-].[Br-],gemini cationic,25.0,3.03620000000002,,,,,
CCCCCCCCCCCC[N+]1(CCCCCCCCCC[N+]2(CCCCCCCCCCCC)CCCC2)CCCC1.[Br-].[Br-],gemini cationic,25.0,3.30102999566398,,,,,
CCCCCCCCCCCC[n+]1ccccc1CCCc1cccc[n+]1CCCCCCCCCCCC.CS(=O)(=O)[O-].CS(=O)(=O)[O-],gemini cationic,25.0,2.68006156001969,,,,,
CCCCCCCCCC[N+](C)(C)CC(O)CC(O)[N+](C)(C)CCCCCCCCCC.[Br-].[Br-],gemini cationic,25.0,2.4318,,,,,
CCCCCCCCCC[N+](C)(C)CCCCCCCCCCCC[N+](C)(C)CCCCCCCCCC.[Br-].[Br-],gemini cationic,25.0,2.65760000000001,,,,,
CCCCCCCCC[N+](C)(C)CCCCNC[N+](C)(C)CCCCCCCCC.[Br-].[Br-],gemini cationic,25.0,1.7447,,,,,
CCCCCCCCC[N+]1(CCC#CCC[N+]2(CCCCCCCCC)CCCCC2)CCCCC1.[Br-].[Br-],gemini cationic,25.0,1.3206,,,,,
CCCCCCCC[N+](C)(C)CC#CC[N+](C)(C)CCCCCCCC.[Br-].[Br-],gemini cationic,25.0,1.5935,,,,,
CCCCCCCC[N+](C)(C)CCCCO[N+](C)(C)CCCCCCCC.[Br-].[Br-],gemini cationic,25.0,1.3565,,,,,
CCCCCCCC[N+]1(CC#CC[N+]2(CCCCCCCC)CCCC2)CCCC1.[Br-].[Br-],gemini cationic,25.0,1.45001638884031,,,,,
CCCCCCCCn1cc[n+](CC(O)C[n+]2ccn(CCCCCCCC)c2)c1.[Cl-].[Cl-],gemini cationic,25.0,2.36001575195841,,,,,
CCCCCCC=COOCCOCCOCCOCCOCCOCC,non-ionic,25.0,1.66999229912724,,,,,
CCCCCCCCC=COOCCOCCOCCOCCOCCOCC,non-ionic,25.0,2.54698760887855,,,,,
CCCCCCCCCCCCCCCC=CC(=O)OC(CO)COC(CO)COC(CO)COC(CO)COC(CO)COC(CO)COC(CO)COC(CO)COC(CO)COC(CO)CO,non-ionic,25.0,4.67592342026051,,,,,
CCCCCCCCCCCCCCCCCC(=O)OCCOCC(OCCO)C1OCC(OCCO)C1OCCO,non-ionic,24.85,4.67778070526608,,,,,
CCCCCCCCCCCCCCCCCCCCCCCCCCCCCCCCCCCCCCCCCCCCCCCCCCCOCOOCCOCCOCCCCCC,non-ionic,25.0,4.94385773794095,,,,,
CCCCCCCCCCCCCCCCCCOCCOCCOCCOCCOCCOCCOCCOCCOCCOCCOCCOCCOCCOCCOCCOCCOCCOCCOCCOCCO,non-ionic,24.85,4.01322826573376,,,,,
CCCCCCCCCCCCCCCCCCOCCOCCOCCOCCOCCOCCOCCOCCOCCOCCOCCOCCOCCOCCOCCOCCOCCOCCOCCOCCOCCO,non-ionic,24.85,5.4089353929735,,,,,
CCCCCCCCCCCCOCOC[C@H]1O[C@@H](O[C@H]2[C@H](O)[C@@H](O)[C@H](O)O[C@@H]2CO)[C@H](O)[C@@H](O)[C@H]1O,non-ionic,25.0,3.36997914888659,,,,,
CCCCCCCCCCCCOOC(O)(C(O)C(O)C(O)C(O)C(O)CC)C(O)C(O)C(O)C(O)C(O)CO,non-ionic,25.0,3.48201279697492,,,,,
CCCCCCCCCCOOCCOCCOCC,non-ionic,25.0,3.22199353857649,,,,,
CCCCCCCCCOOCCOCCOCCOCCOCCOCCOCCOCC,non-ionic,25.0,2.51999305704285,,,,,
CCCCCCCCOCOC(O)[C@H]1OC(O)[C@H](O)[C@@H](O)[C@@H]1O,non-ionic,25.0,2.79588001734408,,,,,
CCCCCCCCOCOC[C@H]1O[C@@H](O[C@H]2[C@H](O)[C@@H](O)[C@H](O)O[C@@H]2CO)[C@H](O)[C@@H](O)[C@H]1O,non-ionic,25.0,2.58004425151024,,,,,
CCCCCCCCOOCCOCCOCCOCC,non-ionic,25.0,2.06298389253519,,,,,
CCCCCCCCSCC(CO)OCC(O)CO,non-ionic,25.0,2.07099001450604,,,,,
CCCCCCOOCCOCCOCC,non-ionic,25.0,0.980053318321158,,,,,
CCCCCCOOCCOCCOCCOCC,non-ionic,25.0,1.03198428600636,,,,,
CCCCCCOOCCOCCOCCOCCOCCOCC,non-ionic,25.0,1.16399254087447,,,,,
CCCOCCOC(=O)C(N)CCC(F)(F)C(F)(F)C(F)(F)C(F)(F)C(F)(F)C(F)(F)F,non-ionic,25.0,3.82390874094432,,,,,
COCCOCCOCCCC(F)(F)C(F)(F)C(F)(F)C(F)(F)F,non-ionic,25.0,2.69897000433602,,,,,
CCCCCCCC/C=C/CCCCCCCC(=O)O[C@@]1(OC2(CO)O[C@H](CO)[C@@H](O)[C@@H]2O)O[C@H](CO)[C@@H](O)[C@H](O)[C@H]1O,sugar-based non-ionic,25.0,5.29242982390206,,,,,
CCCCCCCC/C=C\CCCCCCCCOC1OC(CO)C(OC2OC(CO)C(O)C(O)C2O)C(O)C1O,sugar-based non-ionic,25.0,4.69897000433602,,,,,
CCCCCCCCCCCCCCCCCCOP(=O)([O-])OCC[N+](C)(C)CCCCCCCC,zwitterionic,25.0,5.2291,,,,,
CCCCCCCCCCCCCC[N+](C)(C)CCOP(=O)([O-])OCCCCCCCCCCCC,zwitterionic,25.0,5.3665,,,,,
CCCCCCCCCC[N+](C)(C)CCCCCC(=O)[O-],zwitterionic,25.0,2.58502665202918,,,,,
CCCCCCCCCCCCCCOS(=O)(=O)[O-].[Na+],anionic,25.0,2.67778070526608,34.8,,,37.2,3.09
O=S(=O)([O-])C(F)(F)C(F)(F)C(F)(F)C(F)(F)C(F)(F)C(F)(F)C(F)(F)C(F)(F)F.[Li+],anionic,25.0,2.20065945054642,29.8,3e-06,0.55,42.2,3.2
CC(C)(C)OCCCCCCCCCCCCOS(=O)(=O)[O-].[Na+],anionic,25.0,2.85698519974591,44.0,1.1e-06,1.51,28.0,3.18
CCCCCCCCCCOCCS(=O)(=O)[O-].[Na+],anionic,25.0,1.78701381526333,39.2,2.9e-06,0.57,32.8,2.2
CCCCCCCCCCCCS(=O)(=O)[O-].[Li+],anionic,25.0,1.95860731484178,39.0,2.9e-06,0.57,33.0,2.41
O=C([O-])C(F)(F)C(F)(F)C(F)(F)C(F)(F)C(F)(C(F)(F)F)C(F)(F)F.[Na+],anionic,25.0,1.52287874528034,20.2,2.8e-06,0.59,51.8,2.57
O=C([O-])C(F)(F)C(F)(F)C(F)(F)C(F)(F)C(F)(F)C(F)(F)C(F)(F)F.[K+],anionic,25.0,1.53760200210104,20.6,3.9e-06,0.43,51.4,2.51
O=C([O-])C(F)(F)C(F)(F)C(F)(F)C(F)(F)C(F)(F)C(F)(F)C(F)(F)F.[Na+],anionic,25.0,1.52287874528034,24.6,4e-06,0.42,47.4,2.5
CCCCCCCCCCCC(=O)N(C)CC(=O)[O-].[Na+],anionic,25.0,1.87942606879415,35.2,1.55e-06,1.07,36.8,2.85
CCCCCCCCCCCCCCS(=O)(=O)[O-].[Na+],anionic,25.0,2.60205999132796,41.0,2.9e-06,0.572599678335809,31.0,3.05
CCCCCCCCCCCCOCCOCCOS(=O)(=O)[O-].[Na+],anionic,25.0,2.53760200210104,41.4,2.6e-06,0.64,30.6,2.94
CCCCCCCCCCCCOCCOS(=O)(=O)[O-].[Na+],anionic,25.0,2.4089353929735,41.1,3.2e-06,0.52,30.9,3.73
CCCCCCCCCc1ccc(OCC(C)OCC(C)OCC(C)OCC(C)OCC(C)OCC(C)OCC(C)OCC(C)OCC(C)OCC(C)OCC(C)OCC(C)OS(=O)[O-])cc1.[Na+],anionic,25.0,4.92081875395238,36.9,9.7e-07,1.708,35.07,6.28
CCCCCCCCCc1ccc(OCC(C)OCC(C)OCC(C)OCC(C)OCC(C)OCC(C)OCC(C)OCC(C)OCC(C)OS(=O)[O-])cc1.[Na+],anionic,25.0,4.79588001734408,33.7,1.17e-06,1.414,38.27,6.17
CCCCCCCCCc1ccc(OCC(C)OCC(C)OCC(C)OCC(C)OCC(C)OCC(C)OS(=O)[O-])cc1.[Na+],anionic,25.0,4.52287874528034,34.1,1.29e-06,1.288,37.87,5.73
CCCCCCCCCc1ccc(OCC(C)OCC(C)OCC(C)OS(=O)[O-])cc1.[Na+],anionic,25.0,4.22914798835786,34.4,1.66e-06,1.001,37.57,5.17
CCCC(F)(OS(=O)(=O)[O-])C(F)(F)C(F)(F)C(F)(F)F.[Na+],anionic,25.0,3.32799455497705,20.0,1.77e-06,0.94,52.0,4.91136954049497
CCCC(OS(=O)(=O)[O-])C(F)C(F)(F)C(F)(F)F.[Na+],anionic,25.0,2.39804859586648,18.0,2.06e-06,0.8,54.0,3.84355082020611
CCCCCC(CC(F)C(F)(F)F)OS(=O)(=O)[O-].[Na+],anionic,25.0,2.04100633496967,19.0,1.66e-06,0.99,53.0,3.78206305379689
CCCCCC(OS(=O)(=O)[O-])C(F)C(F)(F)C(F)(F)F.[Na+],anionic,25.0,2.92118081690115,20.0,1.6e-06,1.04,52.0,4.67278939463035
CCCCCCCCCCCCOS(=O)(=O)[O-].[Na+],anionic,25.0,2.09151498112135,39.5,1.95e-06,0.52,32.0,2.5
CCCCCCCCC(CCCCCC)COCCOCCOCCOCCOCCOS(=O)(=O)[O-].[Na+],anionic,25.0,4.06550154875643,,,,,
CCCCCCCCCCCCC(C(=O)OCCCC)S(=O)(=O)[O-].[Na+],anionic,25.0,2.86966623150499,,,,,
CCCCCCCCCCCCCCCC(=O)NC(CC(C)C)C(=O)[O-].[Na+],anionic,25.0,2.82390874094432,,,,,
CCCCCCCCCCCCCCCCCCOCCOCCOCCOCCOCCOS(=O)(=O)[O-].[Na+],anionic,25.0,3.60205999132796,,,,,
CCCCCCCCCCCCS(=O)(=O)[O-].C[N+](C)(C)C,anionic,25.0,2.25963731050576,,,,,
CCCCCCCCCCCOCCS(=O)(=O)[O-].[Na+],anionic,25.0,2.4089353929735,,,,,
CCCCCCCCCOCCS(=O)(=O)[O-].[Na+],anionic,25.0,2.79860287567955,,,,,
CCCCCCOC(=O)CS(=O)(=O)[O-].[Na+],anionic,25.0,0.769551078621726,,,,,
O=C([O-])C(C(F)(F)F)(C(F)(F)F)C(F)(F)C(F)(F)C(F)(F)C(F)F.[Na+],anionic,25.0,1.52287874528034,,,,,
O=C([O-])C(F)(F)C(F)(F)C(F)(F)C(F)(F)C(F)(F)C(F)(F)F.[Li+],anionic,25.0,2.30980391997149,,,,,
O=C([O-])C(F)(F)C(F)(F)C(F)(F)C(F)(F)C(F)(F)F.[K+],anionic,25.0,1.53760200210104,,,,,
O=C([O-])C(F)(F)C(F)(F)C(F)(F)C(F)(F)C(F)(F)F.[Li+],anionic,25.0,1.48148606012211,,,,,
CCCCCCCCCCCCOCC(C)OCC(C)OCC(C)OCC(C)OCC(C)OCC(C)OCC(=O)[O-].[Na+],anionic,25.0,3.54211810326601,38.2,,,33.77,
CCCCCCCCCCCCOCC(C)OCC(C)OCC(C)OCC(C)OCC(C)OCC(C)OCC(C)OCC(C)OCC(C)OCC(C)OCC(=O)[O-].[Na+],anionic,25.0,3.99139982823808,38.1,,,33.87,
CCCCCCCCCCCCOCC(C)OCC(C)OCC(C)OCC(C)OCC(C)OCC(C)OCC(C)OCC(C)OCC(C)OCC(C)OCC(C)OCC(C)OCC(C)OCC(C)OCC(=O)[O-].[Na+],anionic,25.0,4.44369749923271,38.2,,,33.77,
CCCCCCCCCCCCOCC(C)OCC(C)OCC(C)OCC(C)OCC(C)OCC(C)OCC(C)OCC(C)OCC(C)OCC(C)OCC(C)OCC(C)OCC(C)OCC(C)OS(=O)(=O)[O-].[Na+],anionic,25.0,4.88605664769316,38.3,,,33.67,
CCCCCCCCCCCCOCC(C)OCC(C)OCC(C)OCC(C)OCC(C)OCC(C)OCC(C)OCC(C)OCC(C)OCC(C)OS(=O)(=O)[O-].[Na+],anionic,25.0,4.27572413039921,38.1,,,33.87,
CCCCCCCCCCCCOCC(C)OCC(C)OCC(C)OCC(C)OCC(C)OCC(C)OCCOCCOCC(=O)[O-].[Na+],anionic,25.0,3.40340290437354,39.9,,,32.07,
CCCCCCCCCCCCOCC(C)OCC(C)OCC(C)OCC(C)OCC(C)OCC(C)OCCOCCOS(=O)(=O)[O-].[Na+],anionic,25.0,3.76955107862173,40.4,,,31.57,
CCCCCCCCCCCCOCC(C)OCC(C)OCC(C)OCC(C)OCC(C)OCC(C)OS(=O)(=O)[O-].[Na+],anionic,25.0,3.82973828460504,38.7,,,33.27,
CCCCCCCCCCCCCCCCCCOCCOCCOCCOCCOS(=O)(=O)[O-].[Na+],anionic,25.0,4.39794000867204,,,,,
CCCCCCCCCCCCCCCCCCOCCOCCOS(=O)(=O)[O-].[Na+],anionic,25.0,4.15490195998574,,,,,
CCCCCCCCCCCCCCCCCCOCCOS(=O)(=O)[O-].[Na+],anionic,25.0,3.95860731484178,,,,,
CCCCCCCCCCCCCCCCOCCOCCOCCOCCOS(=O)(=O)[O-].[Na+],anionic,25.0,4.0,,,,,
CCCCCCCCCCCCCCCCOCCOCCOCCOS(=O)(=O)[O-].[Na+],anionic,25.0,4.0,,,,,
CCCCCCCCCCCCCCCCOCCOCCOS(=O)(=O)[O-].[Na+],anionic,25.0,3.85387196432176,,,,,
CCCCCCCCCCCCCCCCOCCOS(=O)(=O)[O-].[Na+],anionic,25.0,3.65757731917779,,,,,
CCCCCCCCCCCCOCCOCCOCCOCCOCCOS(=O)(=O)[O-].[Na+],anionic,25.0,2.72124639904717,,,,,
CCCCC(CC)COC(=O)CC(C(=O)OCC(CC)CCCC)S(=O)(=O)[O-].[Na+],anionic,25.0,2.60205999132796,,,,,
CCCCCCCCCCCCCCC(C(=O)OC)S(=O)(=O)[O-].[Na+],anionic,25.0,3.13667713987954,,,,,
CCCCCCCCCCCCOS(=O)(=O)[O-].[Li+],anionic,25.0,2.05060999335509,,,,,
CCCCCCCCCCCCS(=O)(=O)[O-].[NH4+],anionic,25.0,2.05060999335509,,,,,
CCCCCCCCCCOC(=O)CS(=O)(=O)[O-].[Na+],anionic,25.0,1.65757731917779,,,,,
CCCCCCCCOC(=O)CC(C(=O)OCCCCCCCC)S(=O)(=O)[O-].[Na+],anionic,25.0,3.04095860767891,,,,,
CCCCCCCCOC(=O)CS(=O)(=O)[O-].[Na+],anionic,25.0,1.18045606445813,,,,,
CCCCCCOC(=O)CC(C(=O)OCCCCCC)S(=O)(=O)[O-].[Na+],anionic,25.0,2.85387196432176,,,,,
CCCCCOC(=O)CC(C(=O)OCCCCC)S(=O)(=O)[O-].[Na+],anionic,25.0,1.27572413039921,,,,,
CCCCOC(=O)CC(C(=O)OCCCC)S(=O)(=O)[O-].[Na+],anionic,25.0,0.698970004336019,,,,,
O=C([O-])C(F)(F)C(F)(F)C(F)(F)C(F)(F)C(F)(F)C(F)(F)C(F)(F)C(F)(F)F.[Li+],anionic,25.0,2.30980391997149,,,,,
O=C([O-])C(F)(F)C(F)(F)C(F)(F)C(F)(F)C(F)(F)C(F)(F)C(F)(F)F.[Li+],anionic,25.0,1.48148606012211,,,,,
CC(C)CCCCCc1ccc(OCCOCCOCCOCCOCCOCCOCCOCCOCCOCCOCCOCCOCCOCCOCCOCCOCCOCCOCCOCCOP(=O)([O-])[O-])cc1.[Na+].[Na+],anionic,25.0,1.74496883665445,,,,,
CC(C)CCCCCc1ccc(OCCOCCOCCOCCOCCOCCOCCOCCOCCOCCOP(=O)([O-])[O-])cc1.[Na+].[Na+],anionic,25.0,1.79588001734408,,,,,
CCCC(CC(F)C(F)(F)F)OS(=O)(=O)[O-].[Na+],anionic,25.0,1.60205999132796,19.0,2.56e-06,0.66,53.0,2.73102645744249
CCCCC(=O)OCC(COC(=O)CCCC)S(=O)(=O)[O-].[Na+],anionic,25.0,1.23897474828863,,,,,
CCCCC(CC)CC(=O)OCC(COC(=O)CC(CC)CCCC)S(=O)(=O)[O-].[Na+],anionic,25.0,0.662940273679476,,,,,
CCCCCC(=O)OCC(COC(=O)CCCCC)S(=O)(=O)[O-].[Na+],anionic,25.0,1.81701503299642,,,,,
CCCCCC(CCCC)c1ccc(S(=O)(=O)[O-])cc1.[Na+],anionic,25.0,2.04701393480294,,,,,
CCCCCC(CCCCC)OS(=O)(=O)[O-].[Na+],anionic,25.0,1.08097423541264,,6.7e-07,2.48,,
CCCCCC(CCCCC)c1ccc(S(=O)(=O)[O-])cc1.[Na+],anionic,25.0,2.2500319164906,,,,,
CCCCCC(CS(=O)(=O)[O-])OCO.[Na+],anionic,25.0,0.733063088840827,,,,,
CCCCCC(F)(OS(=O)(=O)[O-])C(F)(F)C(F)(F)C(F)(F)F.[Na+],anionic,25.0,3.79588001734408,,,,,
CCCCCCC(C)OS(=O)(=O)[O-].[Na+],anionic,25.0,0.744968836654449,,8.47e-07,1.96,,
CCCCCCC(CC)c1ccc(S(=O)(=O)[O-])cc1.[Na+],anionic,25.0,1.96697855531709,,,,,
CCCCCCC(CCCCC)S(=O)(=O)[O-].[Na+],anionic,25.0,1.44201185177509,,,,,
CCCCCCC(CCCCC)c1ccc(S(=O)(=O)[O-])cc1.[Na+],anionic,25.0,2.58502665202918,,,,,
CCCCCCC(CCCCCC)OS(=O)(=O)[O-].[Na+],anionic,25.0,1.71399287792053,,4.39e-07,3.78,,
CCCCCCCC(CCC)c1ccc(S(=O)(=O)[O-])cc1.[Na+],anionic,25.0,2.4000078224159,,,,,
CCCCCCCC(CCCC)S(=O)(=O)[O-].[Na+],anionic,25.0,1.5480601306349,,,,,
CCCCCCCC(CCCC)c1ccc(S(=O)(=O)[O-])cc1.[Na+],anionic,25.0,2.29998893767789,,,,,
CCCCCCCC(CCCCCC)OS(=O)(=O)[O-].[Na+],anionic,25.0,2.01300446027562,,5.55e-07,2.99,,
CCCCCCCC(CCCCCC)c1ccc(S(=O)(=O)[O-])cc1.[Na+],anionic,25.0,2.59998036493484,,,,,
CCCCCCCC(CCCCCCC)COS(=O)(=O)[O-].[Na+],anionic,25.0,2.55299710153384,,,,,
CCCCCCCC(CCCCCCC)S(=O)(=O)[O-].[Na+],anionic,25.0,2.14399654600278,,,,,
CCCCCCCC(CS(=O)(=O)[O-])OCO.[Na+],anionic,25.0,1.14399654600278,,,,,
CCCCCCCC(F)(OS(=O)(=O)[O-])C(F)(F)C(F)(F)C(F)(F)F.[Na+],anionic,25.0,4.15502606185311,,,,,
CCCCCCCC(O)NC(O)(OS(=O)(=O)[O-])[C@H]1OC(O)[C@H](O)[C@@H](O)[C@@H]1O.[Na+],anionic,25.0,1.06198090252379,,,,,
CCCCCCCC(OS(=O)(=O)[O-])C(F)C(F)(F)C(F)(F)F.[Na+],anionic,25.0,3.30102999566398,,,,,
CCCCCCCCC(=O)OCC(COC(=O)CCCCCCCC)S(=O)(=O)[O-].[Na+],anionic,25.0,3.13100309751286,,,,,
CCCCCCCCC(=O)[O-].[K+],anionic,25.0,0.408935392973501,,,,,
CCCCCCCCC(C)OS(=O)(=O)[O-].[Na+],anionic,25.0,1.32799455497705,,,,,
CCCCCCCCC(C)c1ccc(S(=O)(=O)[O-])cc1.[Na+],anionic,25.0,2.30303235925598,,,,,
CCCCCCCCC(CC)OS(=O)(=O)[O-].[Na+],anionic,25.0,1.53895190832934,,6.7e-07,2.48,,
CCCCCCCCC(CC)c1ccc(S(=O)(=O)[O-])cc1.[Na+],anionic,25.0,2.50003813440381,,,,,
CCCCCCCCC(CCC)S(=O)(=O)[O-].[Na+],anionic,25.0,1.63507396621002,,,,,
CCCCCCCCC(CCC)c1ccc(S(=O)(=O)[O-])cc1.[Na+],anionic,25.0,2.72101788313456,,,,,
CCCCCCCCC(CCCC)c1ccc(S(=O)(=O)[O-])cc1.[Na+],anionic,25.0,2.56992494444806,,,,,
CCCCCCCCC(CCCCC)c1ccc(S(=O)(=O)[O-])cc1.[Na+],anionic,25.0,2.70005709997723,,,,,
CCCCCCCCC(CCCCCC)COS(=O)(=O)[O-].[Na+],anionic,25.0,2.39599006758777,,,,,
CCCCCCCCC(CCCCCC)c1ccc(S(=O)(=O)[O-])cc1.[Na+],anionic,25.0,2.79997073344623,,,,,
CCCCCCCCC(CCCCCCC)OS(=O)(=O)[O-].[Na+],anionic,25.0,3.3099812192113,,,,,
CCCCCCCCC(CCCCCCCC)OS(=O)(=O)[O-].[Na+],anionic,25.0,3.58502665202918,,,,,
CCCCCCCCC(O)OCCc1ccc(S(=O)(=O)[O-])cc1.[Na+],anionic,25.0,1.31202537996544,,,,,
CCCCCCCCCC(C)c1ccc(S(=O)(=O)[O-])cc1.[Na+],anionic,25.0,2.72101788313456,,,,,
CCCCCCCCCC(CC)S(=O)(=O)[O-].[Na+],anionic,25.0,1.73002032335468,,,,,
CCCCCCCCCC(CC)c1ccc(S(=O)(=O)[O-])cc1.[Na+],anionic,25.0,2.60607399341416,,,,,
CCCCCCCCCC(CCCC)OS(=O)(=O)[O-].[Na+],anionic,25.0,2.17101804599208,,,,,
CCCCCCCCCC(CCCC)c1ccc(S(=O)(=O)[O-])cc1.[Na+],anionic,25.0,2.77989191195995,,,,,
CCCCCCCCCC(CCCCC)COS(=O)(=O)[O-].[Na+],anionic,25.0,2.52302353424047,,,,,
CCCCCCCCCC(CCCCC)c1ccc(S(=O)(=O)[O-])cc1.[Na+],anionic,25.0,2.89997426989214,,,,,
CCCCCCCCCC(CCCCCCCCC)OS(=O)(=O)[O-].[Na+],anionic,25.0,3.48095996135166,,4.34e-07,3.83,,
CCCCCCCCCC(CCS(=O)(=O)[O-])OC(C)C.[Na+],anionic,25.0,2.45804652554176,,,,,
CCCCCCCCCC(CCS(=O)(=O)[O-])OC(CC)CCCCC.[Na+],anionic,25.0,3.50100063641985,,,,,
CCCCCCCCCC(CCS(=O)(=O)[O-])OC.[Na+],anionic,25.0,2.11798803837334,,,,,
CCCCCCCCCC(CCS(=O)(=O)[O-])OCC.[Na+],anionic,25.0,2.30102999566398,,,,,
CCCCCCCCCC(CCS(=O)(=O)[O-])OCCCC.[Na+],anionic,25.0,2.81701503299642,,,,,
CCCCCCCCCC(CCS(=O)(=O)[O-])OCCCCCC.[Na+],anionic,25.0,3.18502031623924,,,,,
CCCCCCCCCC(CCS(=O)(=O)[O-])OCCCCCCCC.[Na+],anionic,25.0,3.92190584959359,,,,,
CCCCCCCCCC(CCS(=O)(=O)[O-])Oc1ccccc1.[Na+],anionic,25.0,2.70796556400526,,,,,
CCCCCCCCCC(CS(=O)(=O)[O-])OCO.[Na+],anionic,25.0,1.62105730138656,,,,,
CCCCCCCCCC(O)CCS(=O)(=O)[O-].[Na+],anionic,25.0,1.60607399341416,,,,,
CCCCCCCCCC(OCC)(OCC)OS(=O)(=O)[O-].[Na+],anionic,25.0,1.9100948885606,,,,,
CCCCCCCCCC(OCC)S(=O)(=O)[O-].[Na+],anionic,25.0,1.78701381526333,,,,,
CCCCCCCCCCC(=O)[O-].[K+],anionic,25.0,1.00877392430751,,,,,
CCCCCCCCCCC(C)S(=O)(=O)[O-].[Na+],anionic,25.0,1.82710530224782,,,,,
CCCCCCCCCCC(C)c1ccc(S(=O)(=O)[O-])cc1.[Na+],anionic,25.0,2.69207629638812,,,,,
CCCCCCCCCCC(CCC)OS(=O)(=O)[O-].[Na+],anionic,25.0,2.28802414564824,,4.14e-07,4.01,,
CCCCCCCCCCC(CCC)c1ccc(S(=O)(=O)[O-])cc1.[Na+],anionic,25.0,2.89997426989214,,,,,
CCCCCCCCCCC(CCCC)COS(=O)(=O)[O-].[Na+],anionic,25.0,2.63808338133136,,,,,
CCCCCCCCCCC(CCCC)OS(=O)(=O)[O-].[Na+],anionic,25.0,2.17698247655395,,,,,
CCCCCCCCCCC(CCCC)c1ccc(S(=O)(=O)[O-])cc1.[Na+],anionic,25.0,3.04000516167158,,,,,
CCCCCCCCCCC(CCCCC)OS(=O)(=O)[O-].[Na+],anionic,25.0,2.37202001017002,,5e-07,3.32,,
CCCCCCCCCCC(CCS(=O)(=O)[O-])OC(C)=O.[Na+],anionic,25.0,2.58302682739696,,,,,
CCCCCCCCCCC(CO)S(=O)(=O)[O-].[Na+],anionic,25.0,1.78701381526333,,,,,
CCCCCCCCCCC(O)OCCc1ccc(S(=O)(=O)[O-])cc1.[Na+],anionic,25.0,1.88306035344924,,,,,
CCCCCCCCCCCC(C)OS(=O)(=O)[O-].[Na+],anionic,25.0,2.81701503299642,,,,,
CCCCCCCCCCCC(C)c1ccc(S(=O)(=O)[O-])cc1.[Na+],anionic,25.0,3.20802879897923,,,,,
CCCCCCCCCCCC(CC)c1ccc(S(=O)(=O)[O-])cc1.[Na+],anionic,25.0,3.0,,,,,
CCCCCCCCCCCC(CCC)COS(=O)(=O)[O-].[Na+],anionic,25.0,2.69897000433602,,,,,
CCCCCCCCCCCC(CCC)c1ccc(S(=O)(=O)[O-])cc1.[Na+],anionic,25.0,3.15002808767115,,,,,
CCCCCCCCCCCC(CCS(=O)(=O)[O-])COCCO.[Na+],anionic,25.0,2.19900813873983,,,,,
CCCCCCCCCCCC(CCS(=O)(=O)[O-])COCCOCCO.[Na+],anionic,25.0,3.44502654166676,30.5,1.31e-06,1.27,41.5,4.88241526003233
CCCCCCCCCCCC(CCS(=O)(=O)[O-])N(C)C.[Na+],anionic,25.0,4.78701381526333,30.4,1.95e-06,0.85,41.6,5.75713548908258
CCCCCCCCCCCC(CCS(=O)(=O)[O-])N1CCCCC1.[Na+],anionic,25.0,3.3099812192113,,,,,
CCCCCCCCCCCC(CCS(=O)(=O)[O-])N1CCOCC1.[Na+],anionic,25.0,3.10601643278815,,,,,
CCCCCCCCCCCC(CCS(=O)(=O)[O-])NCCC.[Na+],anionic,25.0,2.96417017474717,30.7,2.37e-06,0.7,41.3,3.75128542170143
CCCCCCCCCCCC(CCS(=O)(=O)[O-])NCCCC.[Na+],anionic,25.0,3.19997064075587,33.0,2.16e-06,0.77,39.0,3.97035404299788
CCCCCCCCCCCC(CCS(=O)(=O)[O-])Oc1cc(Cl)c(Cl)cc1Cl.[Na+],anionic,25.0,3.64092377394074,29.1,2.13e-06,0.78,42.9,4.5825161784008
CCCCCCCCCCCC(CCS(=O)(=O)[O-])Oc1ccccc1.[Na+],anionic,25.0,2.92190584959359,29.0,1.75e-06,0.95,43.0,4.07296291495849
CCCCCCCCCCCC(O)CCS(=O)(=O)[O-].[Na+],anionic,25.0,1.54106013810967,,,,,
CCCCCCCCCCCC(O)NC(O)(OS(=O)(=O)[O-])[C@H]1OC(O)[C@H](O)[C@@H](O)[C@@H]1O.[Na+],anionic,25.0,2.77006231409207,,,,,
CCCCCCCCCCCC(OCC)(OCC)OS(=O)(=O)[O-].[Na+],anionic,25.0,2.55299710153384,,,,,
CCCCCCCCCCCC(OCC)OS(=O)(=O)[O-].[Na+],anionic,25.0,2.39599006758777,,,,,
CCCCCCCCCCCC(OCCOCC)(OCCOCC)OS(=O)(=O)[O-].[Na+],anionic,25.0,2.77006231409207,,,,,
CCCCCCCCCCCCC(=O)[O-].[K+],anionic,25.0,1.59345981956604,,,,,
CCCCCCCCCCCCC(C)OS(=O)(=O)[O-].[Na+],anionic,25.0,2.48095996135166,,5.55e-07,2.99,,
CCCCCCCCCCCCC(C)c1ccc(S(=O)(=O)[O-])cc1.[Na+],anionic,25.0,3.38997897533586,,,,,
CCCCCCCCCCCCC(CC)COS(=O)(=O)[O-].[Na+],anionic,25.0,2.82390874094432,,,,,
CCCCCCCCCCCCC(CC)OS(=O)(=O)[O-].[Na+],anionic,25.0,2.65797231191253,,,,,
CCCCCCCCCCCCC(CCC)OS(=O)(=O)[O-].[Na+],anionic,25.0,2.62893213772826,,,,,
CCCCCCCCCCCCC(CCCCC)OS(=O)(=O)[O-].[Na+],anionic,25.0,3.02701077314465,,,,,
CCCCCCCCCCCCC(CO)S(=O)(=O)[O-].[Na+],anionic,25.0,2.43203309317685,,,,,
CCCCCCCCCCCCC(O)OCCc1ccc(S(=O)(=O)[O-])cc1.[Na+],anionic,25.0,2.52302353424047,,,,,
CCCCCCCCCCCCC(OC(C)=O)S(=O)(=O)[O-].[Na+],anionic,25.0,3.39804859586648,,,,,
CCCCCCCCCCCCC=CS(=O)(=O)[O-].[Na+],anionic,25.0,2.56895805466411,,,,,
CCCCCCCCCCCCCC(C)COS(=O)(=O)[O-].[Na+],anionic,25.0,2.95900230757651,,,,,
CCCCCCCCCCCCCC(C)OS(=O)(=O)[O-].[Na+],anionic,25.0,2.76700388960785,,5.25e-07,3.16,,
CCCCCCCCCCCCCC(C)c1ccc(S(=O)(=O)[O-])cc1.[Na+],anionic,25.0,3.57691804170277,,,,,
CCCCCCCCCCCCCC(CCS(=O)(=O)[O-])OCCCC.[Na+],anionic,25.0,4.45804652554176,,,,,
CCCCCCCCCCCCCC(O)CCS(=O)(=O)[O-].[Na+],anionic,25.0,2.83893161452883,,,,,
CCCCCCCCCCCCCC(OCC)OS(=O)(=O)[O-].[Na+],anionic,25.0,2.85698519974591,,,,,
CCCCCCCCCCCCCC(OCCOCC)(OCCOCC)OS(=O)(=O)[O-].[Na+],anionic,25.0,3.16001944232166,,,,,
CCCCCCCCCCCCCCC(=O)[O-].[K+],anionic,25.0,2.18045606445813,,,,,
CCCCCCCCCCCCCCC(CCC)OS(=O)(=O)[O-].[Na+],anionic,25.0,3.14302956651751,,4.54e-07,3.66,,
CCCCCCCCCCCCCCC(CCCC)OS(=O)(=O)[O-].[Na+],anionic,25.0,3.0970186002025,,,,,
CCCCCCCCCCCCCCC(CCCCCCCCCCCCCC)OS(=O)(=O)[O-].[Na+],anionic,25.0,4.10001543745061,,,,,
CCCCCCCCCCCCCCC(OC(=O)CC)S(=O)(=O)[O-].[Na+],anionic,25.0,3.96417017474717,,,,,
CCCCCCCCCCCCCCC(OC(=O)CCC)S(=O)(=O)[O-].[Na+],anionic,25.0,4.0,,,,,
CCCCCCCCCCCCCCC(OC(C)=O)S(=O)(=O)[O-].[Na+],anionic,25.0,3.50905879464321,,,,,
CCCCCCCCCCCCCCCC(C)OS(=O)(=O)[O-].[Na+],anionic,25.0,2.62893213772826,,4.74e-07,3.5,,
CCCCCCCCCCCCCCCC(O)CCS(=O)(=O)[O-].[Na+],anionic,25.0,3.41998788747058,,,,,
CCCCCCCCCCCCCCCC(O)NC(O)(OS(=O)(=O)[O-])[C@H]1OC(O)[C@H](O)[C@@H](O)[C@@H]1O.[Na+],anionic,25.0,3.92081875395238,,,,,
CCCCCCCCCCCCCCCCC(=O)[O-].[K+],anionic,35.0,2.74472749489669,,,,,
CCCCCCCCCCCCCCCCC(C)OS(=O)(=O)[O-].[Na+],anionic,25.0,3.34698054890039,,4.52e-07,3.67,,
CCCCCCCCCCCCCCCCC(OC(=O)C(C)C)S(=O)(=O)[O-].[Na+],anionic,25.0,2.56607023439154,,,,,
CCCCCCCCCCCCCCCCC(OC(=O)CC)S(=O)(=O)[O-].[Na+],anionic,25.0,4.89894064509188,,,,,
CCCCCCCCCCCCCCCCC(OC(=O)CCC)S(=O)(=O)[O-].[Na+],anionic,25.0,4.56895805466411,,,,,
CCCCCCCCCCCCCCCCC(OC(C)=O)S(=O)(=O)[O-].[Na+],anionic,25.0,4.10601643278815,,,,,
CCCCCCCCCCCCCCCCC=CS(=O)(=O)[O-].[Na+],anionic,25.0,3.74496883665445,,,,,
CCCCCCCCCCCCCCCCCS(=O)(=O)[O-].[Na+],anionic,25.0,3.63507396621002,,,,,
CCCCCCCCCCCCCCCCS(=O)(=O)[O-].[Na+],anionic,25.0,3.13100309751286,,,,,
CCCCCCCCCCCCCCCOS(=O)(=O)[O-].[Na+],anionic,25.0,2.92118081690115,,,,,
CCCCCCCCCCCCCCCS(=O)(=O)[O-].[Na+],anionic,25.0,3.1390035632428,,,,,
CCCCCCCCCCCCCCOC(=O)CCS(=O)(=O)[O-].[Na+],anionic,25.0,3.04599883231843,,,,,
CCCCCCCCCCCCCCOC(=O)CS(=O)(=O)[O-].[Na+],anionic,25.0,1.98589967848038,,,,,
CCCCCCCCCCCCCCc1ccc(C[C@H](Nc2ccc(S(=O)(=O)[O-])cc2)C(=O)O)cc1.[Na+],anionic,25.0,4.79588001734408,,,,,
CCCCCCCCCCCCCOS(=O)(=O)[O-].[Na+],anionic,25.0,2.36703683183274,,,,,
CCCCCCCCCCCCCS(=O)(=O)[O-].[Na+],anionic,25.0,2.42101715729721,,,,,
CCCCCCCCCCCCC[C@H](Nc1ccc(S(=O)(=O)[O-])cc1)C(=O)O.[Na+],anionic,25.0,3.38700434396765,,,,,
CCCCCCCCCCCCc1ccc(C[C@H](Nc2ccc(S(=O)(=O)[O-])cc2)C(=O)O)cc1.[Na+],anionic,25.0,4.20100426555612,,,,,
CCCCCCCCCCCCc1ccc(S(=O)(=O)[O-])cc1.[Na+],anionic,25.0,2.92118081690115,,,,,
CCCCCCCCCCCOS(=O)(=O)[O-].[Na+],anionic,25.0,1.7830427926389,,,,,
CCCCCCCCCCOS(=O)(=O)[O-].[Na+],anionic,25.0,1.48095996135166,,5.34e-07,3.11,,
CCCCCCCCCCc1ccc(C[C@H](Nc2ccc(S(=O)(=O)[O-])cc2)C(=O)O)cc1.[Na+],anionic,25.0,3.48095996135166,,,,,
CCCCCCCCCCc1ccc(S(=O)(=O)[O-])cc1.[Na+],anionic,25.0,2.50905879464321,,,,,
CCCCCCCCCOS(=O)(=O)[O-].[Na+],anionic,25.0,1.22199353857649,,,,,
CCCCCCCCOS(=O)(=O)[O-].[Na+],anionic,25.0,0.853871964321762,,,,,
CCCCCCCCS(=O)(=O)[O-].[Na+],anionic,25.0,0.795880017344075,,,,,
CCCCCCCCc1ccc(C[C@H](Nc2ccc(S(=O)(=O)[O-])cc2)C(=O)O)cc1.[Na+],anionic,25.0,2.85387196432176,,,,,
CCCCCCCCc1ccc(S(=O)(=O)[O-])cc1.[Na+],anionic,25.0,1.90692869362394,,,,,
CCCCCCCOS(=O)(=O)[O-].[Na+],anionic,25.0,0.657972311912528,,,,,
CCCCCCCc1ccc(S(=O)(=O)[O-])cc1.[Na+],anionic,25.0,1.58203035778526,,,,,
CCCCCCOS(=O)(=O)[O-].[Na+],anionic,25.0,0.376957565753618,,,,,
CCCCCCCCCCCCCCCCOS(=O)(=O)[O-].[Na+],anionic,25.0,3.39794000867204,,5e-07,3.32,,
CCCCCCCCCCCCCCCCCCOS(=O)(=O)[O-].[Na+],anionic,25.0,3.95860731484178,,,,,
CCCCCCCCCCCCS(=O)(=O)[O-].[Na+],anionic,25.0,1.95900230757651,,,,,
CCCCCCCCCCS(=O)(=O)[O-].[Na+],anionic,25.0,1.39804859586648,,,,,
CCCCCCCCCCCCCCCC(=O)NC(C(=O)[O-])C(C)C.[Na+],anionic,25.0,2.72124639904717,,,,,
CCCCCCCCCCCC[NH2+]CCO.[Cl-],cationic,25.0,1.34678748622466,40.8,1.93e-06,0.86,31.0,2.24
CCCCCCCCCCCC[n+]1ccccc1.[Br-],cationic,25.0,1.94309514866353,38.9,3.3e-06,0.5,32.9,2.46
CCCCCCCCCCCC[n+]1ccccc1.[Cl-],cationic,25.0,1.76955107862173,43.7,2.7e-06,0.62,28.3,2.07
CCCCCCCCCC[n+]1ccccc1.[Br-],cationic,25.0,1.35654732351381,40.1,2.01e-06,0.826138839389974,31.7,1.96
CCCCCCCCCCCC[N+](C)(C)C.[Cl-],cationic,25.0,1.69897000433602,40.5,4.39e-06,0.38,31.5,2.17
CCCCCCCCCCCC[N+](C)(C)CC(=O)Nc1ccccc1.[Cl-],cationic,25.0,2.95467702121334,33.3,2.09e-06,0.79,38.7,3.73
CCCCCCCCCCCC[N+](C)(C)CC(=O)Nc1nccs1.[Cl-],cationic,25.0,2.61978875828839,35.1,1.47e-06,1.13,36.87,3.63
CCCCCCCCCCCC[N+](C)(C)CC(=O)Nc1ncncc1[N].[Cl-],cationic,25.0,2.21609642072727,39.6,1.67e-06,0.99,32.4,2.87
CCCCCCCCCCCCCCCC[N+](C)(C)CCN=Cc1ccc(OC)c(OC)c1.[Br-],cationic,25.0,3.63827216398241,36.7,8.3e-07,0.22,35.15,5.08
CCCCCCCCCCCC[N+](C)(C)CCN=Cc1ccc(OC)c(OC)c1.[Br-],cationic,25.0,3.32975414692588,32.8,9.9e-07,1.68,38.97,4.93
CCCCCCCCCCCCCCCCOC(=O)C[N+]1(C)CCCC1.[Br-],cationic,25.0,3.50863830616573,37.1,1.85e-06,0.9,34.68,4.21
CCCCCCCCCCCCCCCCOC(=O)C[N+]1(C)CCCC1.[Cl-],cationic,25.0,3.43179827593301,41.0,2.77e-06,0.6,30.78,3.85
CCCCCCCCCCCCCCOC(=O)C[N+]1(C)CCCC1.[Br-],cationic,25.0,2.97061622231479,32.1,1.55e-06,1.07,39.68,4.08
CCCCCCCCCCCCCCOC(=O)C[N+]1(C)CCCC1.[Cl-],cationic,25.0,2.84163750790475,35.5,2e-06,0.83,36.28,3.55
CCCCCCCCCCCCCCCCCCN=Cc1ccc([N+](C)(CC)CC)cc1.[I-],cationic,25.0,2.89962945488244,36.8,6.31e-06,0.26,35.0,3.11059974316678
CCCCCCCCCCCCCCCCN=Cc1ccc([N+](C)(CC)CC)cc1.[I-],cationic,25.0,3.13667713987954,33.0,6.14e-06,0.27,44.0,3.40769149636859
CCCCCCCCCCCCN=Cc1ccc([N+](C)(CC)CC)cc1.[I-],cationic,25.0,2.58004425151024,44.8,7.08e-06,0.24,27.0,2.66910909444563
CCCCCCCCCC[N+](C)CCO.[Br-],cationic,20.0,1.81815641205523,27.5,2e-06,1.05,45.9,2.71
CCCCCCCCCC[N+](CCO)(CCO)CCO.[Br-],cationic,20.0,1.78251605578609,28.9,1.68e-06,1.24,42.4,2.79
CCCCCCCCCC[N+](CCO)CCO.[Br-],cationic,20.0,1.76955107862173,29.0,1.13e-06,1.23,43.3,2.67
CCCCCCCCCC[N+]CCO.[Br-],cationic,20.0,1.43179827593301,33.0,1.31e-06,1.27,39.3,2.6
CCCCCCCCCCCCCCCC(=O)NCCC[N+](C)(C)CC(O)COC1OC(CO)C(O)C(O)C1O.[Cl-],cationic,25.0,6.32057210338788,46.1,4.26e-06,0.39,25.9,6.44186894151702
CCCCCCCCCCCCCCCC(=O)NCCC[N+](C)(C)CCOC1OC(CO)C(O)C(O)C1O.[Cl-],cationic,25.0,5.30016227413275,51.5,1.18e-06,1.41,20.5,5.33727262535583
CCCCCCCCCCCCCCCCCC(=O)NCCC[N+](C)(C)CC(O)COC1OC(CO)C(O)C(O)C1O.[Cl-],cationic,25.0,6.30016227413275,35.9,2.18e-06,0.76,36.1,6.94697186361533
CCCCCCCCCCCCCCCCCC(=O)NCCC[N+](C)(C)CCOC1OC(CO)C(O)C(O)C1O.[Cl-],cationic,25.0,5.27984069659404,47.8,1.06e-06,1.57,24.2,5.62685749029511
CCCCCCCCCCCC(=O)NCCC[N+](C)(C)CC(O)CO.[Cl-],cationic,25.0,2.91364016932525,40.0,2.7e-06,0.8,31.78,3.57
CCCCCCCCCCCCCCCC[n+]1ccccc1.[Br-],cationic,25.0,3.19382002601611,34.8,4.05e-06,0.41,37.2,3.7
CCCCCCCCCCCCCCCCCC[N+](C)(C)Cc1ccccc1CO.[Cl-],cationic,25.0,2.04095860767891,43.2,1.33e-06,1.25,28.8,5.04
CCCCCCCCCCCCCCCC[N+](C)(C)Cc1ccccc1CO.[Cl-],cationic,25.0,3.60205999132796,42.3,1.85e-06,0.89,29.7,4.04
CCCCCCCCCCCCCC[N+](C)(C)Cc1ccccc1CO.[Cl-],cationic,25.0,2.84466396253494,42.0,1.96e-06,0.85,30.0,3.29
CCCCCCCCCCCC[N+](C)(C)Cc1ccccc1CO.[Cl-],cationic,25.0,2.0762380391713,42.0,2.19e-06,0.76,30.0,2.51
CCCCCCCCCCCCCC(=O)NCCC[N+](C)(C)Cc1ccccc1.[Cl-],cationic,25.0,3.96657624451305,32.3,7.56e-06,2.2,40.19,6.17
CCCCCCCCCCCCCCCC(=O)NCCC[N+](C)(C)Cc1ccccc1.[Cl-],cationic,25.0,4.34678748622466,41.5,4.46e-06,3.39,30.96,6.14
CCCCCCCCCCCCCCCC[N+](C)(C)NC(=O)CCC(=O)N1CCCCC1.[I-],cationic,25.0,3.72124639904717,34.6,2.24e-06,0.74,37.18,4.29
CCCCCCCCCCCCCCCC[N+](C)(C)NC(=O)CCC(=O)N1CCOCC1.[I-],cationic,25.0,3.43179827593301,36.5,2.16e-06,0.77,35.28,4.15
CCCCCCCCCCCCCC[N+](C)(C)NC(=O)CCC(=O)N1CCCCC1.[I-],cationic,25.0,3.55284196865778,36.5,2.05e-06,0.81,35.28,3.93
CCCCCCCCCCCCCC[N+](C)(C)NC(=O)CCC(=O)N1CCOCC1.[I-],cationic,25.0,3.21467016498923,38.1,1.93e-06,0.86,33.68,3.83
CCCCCCCCCCCC[N+](C)(C)NC(=O)CCC(=O)N1CCCCC1.[I-],cationic,25.0,3.39794000867204,38.9,1.98e-06,0.84,32.88,3.67
CCCCCCCCCCCC[N+](C)(C)NC(=O)CCC(=O)N1CCOCC1.[I-],cationic,25.0,3.05060999335509,40.2,1.87e-06,0.89,31.58,3.52
CCCCCCC1(CCCCCC)OCC(C[N+](C)(C)C)O1.[Br-],cationic,25.0,2.05998184499234,29.2,1.98e-06,0.84,42.6,3.06848375338188
CCCCCCCCC1OCC(C[N+](C)(C)C)O1.[Br-],cationic,25.0,1.9100948885606,31.57,1.71e-06,0.97,40.4,2.95645053894094
CCCCCCCCCCCC1OCC(C[N+](C)(C)C)O1.[Br-],cationic,25.0,3.07058107428571,30.6,1.66e-06,1.0,41.5,4.1996299767979
CCCCCCCCCCCCCCCCCCOC(=O)C[n+]1cccc2ccc(CN3CCCCC3)c(O)c21.[Br-],cationic,25.0,3.60205999132796,39.0,5.64e-06,2.94,33.0,5.94
CCCCCCCCCCCCCCCCCCOC(=O)C[n+]1cccc2ccc(CN3CCOCC3)c(O)c21.[Br-],cationic,25.0,3.79588001734408,47.5,2.96e-06,5.91,24.5,3.12
CCCCCCCCCCCCCCCCOC(=O)C[n+]1cccc2ccc(CN3CCOCC3)c(O)c21.[Br-],cationic,25.0,4.0,45.0,2.89e-06,5.75,27.0,3.04
CCCCCCCCCCCCOC(=O)C[n+]1cccc2ccc(CN3CCCCC3)c(O)c21.[Br-],cationic,25.0,3.0,43.0,5.25e-06,3.16,29.0,5.53
CCCCCCCCCCCCOC(=O)C[n+]1cccc2ccc(CN3CCOCC3)c(O)c21.[Br-],cationic,25.0,3.60205999132796,43.5,4.23e-06,3.93,28.5,4.45
CCCCCCCCCCCC[N+](CC)(CC)CC.[Br-],cationic,25.0,1.95860731484178,39.0,2.87e-06,0.58,33.0,2.35531309028567
CCCCCCCCCCCC[N+](CCCC)(CCCC)CCCC.[Br-],cationic,25.0,2.34678748622466,35.5,2.45e-06,0.68,36.5,2.93661486443959
CCCCCCCCCC[N+](C)(C)CCCCCCCCCC.[Br-],cationic,25.0,2.92081875395238,24.0,2.3e-06,0.72,47.0,3.98701527952667
CCCCCCCCCCCC[N+](C)(C)CCCCCCCCCCCC.[Br-],cationic,25.0,4.15490195998574,25.0,2.9e-06,0.57,46.0,4.97030595306658
CCCCCCCCCCCCCCCCOC(=O)C[n+]1cccc(N=Cc2ccc(O)c(OC)c2)c1.[Br-],cationic,25.0,3.2518119729938,29.8,1.34e-06,1.236,42.0,3.86966623150499
CCCCCCCCCCCCOC(=O)C[n+]1cccc(N=Cc2ccc(O)c(OC)c2)c1.[Br-],cationic,25.0,2.82102305270683,37.8,1.18e-06,1.408,34.0,4.58502665202918
CCCCCCCCOC(=O)C[n+]1cccc(N=Cc2ccc(O)c(OC)c2)c1.[Br-],cationic,25.0,2.60205999132796,41.3,9.6e-07,1.739,30.5,4.17392519729917
CCCCCCCCCCCCCCCCOCC(O)C[n+]1ccn(C)c1.[Br-],cationic,25.0,3.56863623584101,40.7,2.08e-06,0.8,31.08,4.0
CCCCCCCCCCCCCCOCC(O)C[n+]1ccn(C)c1.[Br-],cationic,25.0,3.45593195564972,29.3,1.89e-06,0.88,42.48,3.9
CCCCCCCCCCCCCCOCC(O)C[n+]1ccn(C)c1.[Cl-],cationic,25.0,2.46092390120722,31.1,1.8e-06,0.92,40.68,3.92
CCCCCCCCCCCCOCC(O)C[n+]1ccn(C)c1.[Br-],cationic,25.0,2.93181413825384,21.9,1.89e-06,0.88,49.88,3.7
CCCCCCCCCCCCOCC(O)C[n+]1ccn(C)c1.[Cl-],cationic,25.0,2.43062609038495,23.2,1.79e-06,0.93,48.58,3.91
C[N+]1(CCC[Si](O[Si](C)(C)C)(O[Si](C)(C)C)O[Si](C)(C)C)CCCC1.[Cl-],cationic,25.0,2.24412514432751,20.0,1.24e-06,1.34,52.5,4.50426524462325
Cn1cc[n+](CCC[Si](O[Si](C)(C)C)(O[Si](C)(C)C)O[Si](C)(C)C)c1.[Cl-],cationic,25.0,2.13076828026902,20.4,8.4e-07,1.98,52.1,5.42546060504538
CCCCCCCCCCC(O)Cn1cc[n+](CCO)c1.[Br-],cationic,25.0,2.99097425791309,28.3,2.13e-06,0.78,44.07,3.91
CCCCCCCCCCC(O)Cn1cc[n+](CCO)c1.[Cl-],cationic,25.0,2.52143350440616,31.26,2.1e-06,0.79,41.14,3.4
CCCCCCCCCCCCC(O)Cn1cc[n+](CCO)c1.[Cl-],cationic,25.0,2.64016451766011,36.0,3.88e-06,0.42,36.37,3.01
CCCCCCCCCCCCCCC(O)Cn1cc[n+](CCO)c1.[Br-],cationic,25.0,3.35654732351381,36.85,3.02e-06,0.55,35.55,3.7
CCCCCCCCCCCCCCC(O)Cn1cc[n+](CCO)c1.[Cl-],cationic,25.0,2.99139982823808,37.38,3.02e-06,0.55,35.02,3.39
C=CC(=O)OCC[N+](C)(C)CCCCCCCCCCCC.[Br-],cationic,25.0,2.3840499483436,43.1,2.34e-06,0.72,28.9,2.71715499838184
C=CC(=O)OCC[N+](C)(C)CCCCCCCCCCCCCC.[Br-],cationic,25.0,2.89962945488244,42.8,2.31e-06,0.72,29.2,3.24843462620514
C=CC(=O)OCC[N+](C)(C)CCCCCCCCCCCCCCCC.[Br-],cationic,25.0,3.07572071393812,43.2,2.31e-06,0.72,28.8,3.40936044302939
CCCCCCCCCCCCCC[N+](C)(CCO)CCCNC(=O)C(O)C(O)C(O)C(O)CO.[Br-],cationic,25.0,2.32330639037513,28.2,1.45e-06,1.14,43.7,3.69
CCCCCCCCCCCC[N+](C)(CCO)CCCNC(=O)C(O)C(O)C(O)C(O)CO.[Br-],cationic,25.0,2.77728352885242,29.6,2.13e-06,0.72,42.4,3.69
CCCCCCCCCC[N+](C)(CCO)CCCNC(=O)C(O)C(O)C(O)C(O)CO.[Br-],cationic,25.0,3.17392519729917,28.2,2.4e-06,0.69,43.8,4.1
CCCCCCCCCC[N+](C)(C)C.[Br-],cationic,25.0,2.32239304727951,36.2,3.02e-06,0.55,35.77,2.78059529112258
CCCCCCCCCCCCCCCC[N+](C)(C)C.[Br-],cationic,25.0,3.00877392430751,37.0,4.24e-06,0.39,35.0,3.31861034725489
CCCCCCCCCCCCCC[N+](C)(C)C.[Br-],cationic,25.0,2.44369749923271,38.1,2.7e-06,0.6,33.87,2.89457452201856
CCCCCCCCCCCC[N+](C)(C)C.[Br-],cationic,25.0,1.85387196432176,35.8,3.42e-06,0.49,36.17,2.26872662746815
CCCCCCCCCCCCCCCC[N+](C)(C)c1ccc(C=Nc2c(C)n(C)n(-c3ccccc3)c2=O)cc1.[Br-],cationic,20.0,3.39794000867204,37.0,8e-07,0.206,34.0,3.5
CCCCCCCCCCCC[N+](C)(C)c1ccc(C=Nc2c(C)n(C)n(-c3ccccc3)c2=O)cc1.[Br-],cationic,20.0,3.38933983691012,39.0,9.2e-07,0.18,33.0,4.8
CCCCCCCC[N+](C)(C)c1ccc(C=Nc2c(C)n(C)n(-c3ccccc3)c2=O)cc1.[Br-],cationic,20.0,3.36552272983927,41.3,9.8e-07,0.169,31.0,4.1
CCCCCCCCCCCC[n+]1ccc(C)c2ccccc21.[Cl-],cationic,25.0,2.11013827874181,47.2,1.8e-06,0.92,24.8,3.52
CCCCCCCCCCCC[n+]1ccc(C)cc1.[Cl-],cationic,25.0,1.79048498545737,44.2,2.7e-06,0.62,27.77,2.09
CCCCCCCCCCCC[N+](C)(C)CCOC(C)=O.[Br-],cationic,25.0,1.92481814538131,37.3,2.01e-06,0.83,34.7,2.9
CCCC=NCCC[N+](C)(C)CCCCCCCCCC.[Br-],cationic,25.0,2.79887610279262,31.7,1.59e-06,1.04,40.1,4.82
CCCC=NCCC[N+](C)(C)CCCCCCCCCCCC.[Br-],cationic,25.0,3.11294562194904,30.0,1.49e-06,1.11,41.79,5.23
CCCC=NCCC[N+](C)(C)CCCCCCCCCCCCCCCC.[Br-],cationic,25.0,4.07520400420209,37.5,1.36e-06,1.22,34.29,6.0
CCCCCCCCCCCCCCCCOCC(O)Cn1cc[n+](CCC)c1.[Br-],cationic,25.0,4.27572413039921,50.5,1.18e-06,0.93,21.74,1.8
CCCCCCCCCCCCCCCCOCC(O)Cn1cc[n+](CCC)c1.[Cl-],cationic,25.0,4.17392519729917,54.2,1.11e-06,0.88,17.97,1.96
CCCCCCCCCCCCCCOCC(O)Cn1cc[n+](CCC)c1.[Br-],cationic,25.0,3.82681373158773,35.9,1.66e-06,1.14,36.32,1.31
CCCCCCCCCCCCCCOCC(O)Cn1cc[n+](CCC)c1.[Cl-],cationic,25.0,3.77211329538633,31.5,1.55e-06,1.13,40.69,1.33
CCCCCCCCCCCCOCC(O)Cn1cc[n+](CCC)c1.[Cl-],cationic,25.0,3.40011692792631,34.9,1.87e-06,1.59,37.32,0.75
CCCCCCCCCCCCCC(=O)NCCC[N+](C)(C)CCCCCCCCCC.[Br-],cationic,25.0,3.37365963262496,33.8,8.7e-07,1.9,37.98,5.21
CCCCCCCCCCCCCC(=O)NCCC[N+](C)(C)CCCCCCCCCCCC.[Br-],cationic,25.0,3.66756154008439,31.6,8.5e-07,1.95,40.19,5.8
CCCCCCCCCCCCCCCC[N+](C)(C)CCCNC(=O)CCCCCCCCCCCCC.[Br-],cationic,25.0,4.06550154875643,34.6,8.3e-07,1.99,37.19,6.42
CCCCCCCCCCCC[N+]1(C)CCCC1=NCCO.[Br-],cationic,25.0,2.50863830616573,33.9,2.84e-06,0.58,37.88,3.06680934942098
CCCCCCCCCCCC[N+]1(C)CCCC1=Nc1ccc(O)cc1.[Br-],cationic,25.0,2.58004425151024,29.0,3.13e-06,0.53,42.78,3.2236065085034
CCCCCCCCCCCCCCCC[N+](C)(C)CCOCCO.[Br-],cationic,25.0,3.08249449044745,34.0,8.5e-07,1.95,37.79,4.92
CCCCCCCCCCCC[N+](C)(C)CCOCCO.[Br-],cationic,25.0,2.4000078224159,35.0,8.2e-07,2.08,36.83,3.2
CCCCCCCC[N+](C)(C)CCOCCO.[Br-],cationic,25.0,2.76472412331295,35.9,8e-07,2.02,35.93,4.58
CCCCCCCCC[N+](CCO)(CCO)CCO.[Br-],cationic,25.0,2.97061622231479,24.1,2.62e-06,0.63,47.9,3.9
CCCCCCCCC[N+](CCO)(CCO)CCO.[I-],cationic,25.0,3.02227639471115,28.4,2.16e-06,0.77,43.6,4.05
CCCCCCCCC[N+](CCO)CCO.[Br-],cationic,25.0,2.91364016932525,27.9,2.27e-06,0.73,44.1,3.8
CCCCCCCCC[N+](CCO)CCO.[I-],cationic,25.0,2.95860731484178,28.8,2.14e-06,0.78,43.2,3.87
CCCCCCCCC[N+]CCO.[Br-],cationic,25.0,2.83863199776503,30.0,1.45e-06,1.15,42.0,4.4
CCCCCCCCC[N+]CCO.[I-],cationic,25.0,2.66756154008439,30.6,1.53e-06,1.09,41.4,4.27
CCCCCCCCCCCCCCCCOC(=O)C[N+](C)(C)CCOCCO.[Cl-],cationic,20.0,3.16494389827988,27.7,1.1e-06,1.51,44.3,5.06
CCCCCCCCCCCCOC(=O)C[N+](C)(C)CCOCCO.[Cl-],cationic,20.0,3.01188715973165,30.0,1.12e-06,1.48,42.0,4.83
CCCCCCCCCCOC(=O)C[N+](C)(C)CCOCCO.[Cl-],cationic,20.0,2.70774392864352,31.4,1.13e-06,1.46,40.6,4.48
CCCCCCCCCCCCCC[N+](C)(CCO)CCO.[Br-],cationic,25.0,2.89962945488244,33.3,1.88e-06,0.89,38.7,3.75
CCCCCCCCCCCCCC[N+](CCO)(CC(C)O)CC(C)O.[Br-],cationic,25.0,3.65757731917779,37.7,1.57e-06,1.06,34.3,4.47
CCCCCCCCCCCCCC[N+](CCO)(CCO)CC(C)O.[Br-],cationic,25.0,3.64397414280688,36.1,1.97e-06,0.84,35.9,4.44
CCCCCCCCCCCCCC[N+](CCO)(CCO)CCO.[Br-],cationic,25.0,3.23210238398191,29.6,1.73e-06,0.96,42.4,4.32
CCCCCCCCCCCCCC[N+](CCO)CCO.[Br-],cationic,25.0,3.18442225167573,27.8,1.67e-06,0.99,44.2,4.46
CCCCCCCCCCCCCC[N+]CCO.[Br-],cationic,25.0,3.13727247168203,32.0,1.63e-06,1.02,40.0,4.23
CCCCCCCCCCCC[n+]1cccc(CO)c1.[Br-],cationic,25.0,2.34969247686806,29.5,8.42e-06,1.97,42.28,2.58372568945065
CCCCCCCCCCCC[n+]1ccc(C)c2ccccc21.[Br-],cationic,25.0,2.36653154442041,42.3,1.96e-06,0.85,29.7,2.83
CCCCCCCCCCCC[n+]1ccc(C)cc1.[Br-],cationic,25.0,2.05551732784983,40.7,2.43e-06,0.68,31.3,2.5
CCCCCCCCCCCCc1cc[n+](C)cc1.[Br-],cationic,25.0,2.32790214206428,39.7,2.94e-06,0.56,32.3,2.72
CCCCCCCCCCCCn1cc[n+](C)c1.[Br-],cationic,25.0,1.96257350205938,39.4,1.91e-06,0.868,33.6,2.67
CCCCCCCCCCn1cc[n+](C)c1.F[B-](F)(F)F,cationic,25.0,2.03621217265445,38.2,2.16e-06,0.767,38.2,2.74
CCCCCCCCCCn1cc[n+](C)c1.[Br-],cationic,25.0,1.96257350205938,39.7,1.72e-06,0.967,33.3,2.15
CCCCCCCCCCCCCCCCCC[N+](C)(C)Cc1cccc(OC)c1.[Cl-],cationic,25.0,4.44249279809434,42.5,1.25e-06,1.33,29.5,5.34
CCCCCCCCCCCCCCCCCC[N+](C)(C)Cc1ccccc1.[Cl-],cationic,25.0,4.27572413039921,40.3,1.23e-06,1.35,31.7,5.14
CCCCCCCCCCCCCCCC[N+](C)(C)Cc1cccc(OC)c1.[Cl-],cationic,25.0,3.50863830616573,42.1,1.5e-06,1.1,29.9,4.3
CCCCCCCCCCCCCC[N+](C)(C)Cc1cccc(OC)c1.[Cl-],cationic,25.0,2.92081875395238,41.8,1.77e-06,0.94,30.2,3.44
CCCCCCCCCCCCCC[N+](C)(C)Cc1ccccc1.[Cl-],cationic,25.0,2.72584215073632,39.2,1.59e-06,1.05,32.8,3.37
CCCCCCCCCCCC[N+](C)(C)Cc1cccc(OC)c1.[Cl-],cationic,25.0,2.33724216831843,40.7,2.14e-06,0.78,31.3,2.82
CCCCCCCCCCCC[N+](C)(C)Cc1ccccc1.[Cl-],cationic,25.0,2.05551732784983,38.0,1.64e-06,1.01,34.0,2.85
CCCCCCCCCCCCCCCCNC(=O)C[N+](C)(C)CCNC(=O)COc1ccccc1.[Cl-],cationic,25.0,4.33629907461035,39.8,1.88e-06,0.88,32.2,4.9
CCCCCCCCCCCCCCNC(=O)C[N+](C)(C)CCNC(=O)COc1ccccc1.[Cl-],cationic,25.0,3.68613277963085,37.8,1.45e-06,1.14,34.2,4.6
CCCCCCCCCCCCNC(=O)C[N+](C)(C)CCNC(=O)COc1ccccc1.[Cl-],cationic,25.0,3.08884239126002,35.8,1.92e-06,0.86,36.2,3.9
CCCCCCCCCCCC(=O)Oc1cccc2ccc[n+](CCCCCCCCCC)c12.[Br-],cationic,25.0,1.30102999566398,36.0,6.92e-07,2.4,36.0,3.0
CCCCCCCCCCCCCC(=O)Oc1cccc2ccc[n+](CCCCCCCCCC)c12.[Br-],cationic,25.0,1.3767507096021,45.0,7.84e-07,2.12,27.0,2.33724216831843
CCCCCCCCCCCCCCCC(=O)Oc1cccc2ccc[n+](CCCCCCCCCC)c12.[Br-],cationic,25.0,1.69897000433602,49.0,7.99e-07,2.08,26.0,2.58502665202918
CCCCCCCCCCCCCCCCCC(=O)Oc1cccc2ccc[n+](CCCCCCCCCC)c12.[Br-],cationic,25.0,1.82390874094432,47.0,8.73e-07,1.9,23.0,2.22184874961636
CCCCCCCCCCCCCCCCCCOC(=O)[N+](CC)(CC)CC.[I-],cationic,25.0,2.28819277095881,35.0,1.51e-06,1.1,36.78,2.39
CCCCCCCCCCCCOC(=O)[N+](CC)(CC)CC.[I-],cationic,25.0,2.20065945054642,25.0,1.3e-06,1.28,46.78,2.3
CCCCCCCCCCCCCCCCc1cc[nH+]cc1.[Br-],cationic,25.0,3.19382002601611,,,,,
CCCCCCCCCCCCCCCCc1cc[nH+]cc1.[Cl-],cationic,25.0,3.04575749056068,,,,,
CCCCCCCCCCCCCCCc1cc[nH+]cc1.[Br-],cationic,25.0,2.88605664769316,,,,,
CCCCCCCCCCCCCCc1cc[nH+]cc1.[Br-],cationic,25.0,2.56863623584101,,,,,
CCCCCCCCCCCCCCc1cc[nH+]cc1.[Cl-],cationic,25.0,2.45593195564972,,,,,
CCCCCCCCCCCCCc1cc[nH+]cc1.[Br-],cationic,25.0,2.27572413039921,,,,,
CCCCCCCCCCCC[N+](CCO)(CCO)CCO.[Cl-],cationic,25.0,1.60205999132796,37.8,,,34.17,
CCCCCCCCCCCC[NH+](CCO)CCO.[Cl-],cationic,25.0,1.44369749923271,39.8,,,32.17,
CCCCCCCCCCCCc1cc[nH+]cc1.[Br-],cationic,25.0,1.94309514866353,,,,,
CCCCCCCCCCCCc1cc[nH+]cc1.[Cl-],cationic,25.0,1.76955107862173,,,,,
CCCCCCCCCCCCc1cc[nH+]cc1.[I-],cationic,25.0,2.27572413039921,,,,,
CCCCCCCCCCCc1cc[nH+]cc1.[Br-],cationic,25.0,1.67778070526608,,,,,
CCCCCCCCCCc1cc[nH+]cc1.[Br-],cationic,25.0,2.35654732351381,,,,,
CCCCCCCCC(CCCCCC)C[N+](C)(C)C.[Cl-],cationic,25.0,2.22914798835786,26.2,1.42e-06,1.17,45.8,3.74
CCCCCCCCCCCC[N+](C)CC(C)O.[I-],cationic,25.0,5.58502665202918,28.1,2.55e-06,0.65,43.9,3.39
CCCCCCCCCCCC[N+](CC)CC(C)O.[Br-],cationic,25.0,5.88605664769316,27.4,2.81e-06,0.59,44.6,3.61
CCCCCCCCCCCC[N+]CC(C)O.[Br-],cationic,25.0,5.77989191195995,26.1,2.41e-06,0.69,45.9,3.65
CCCCCCCCCCCC[N+]CC(C)O.[Cl-],cationic,25.0,5.69250396208679,26.4,2.44e-06,0.68,45.6,3.52
CCCCCCCCCCCCCCCCCC[N+](C)(C)C.[Cl-],cationic,25.0,3.46852108295774,37.2,,,34.77,
CCCCCCCCCCCCCCCCCC[N+]1CCCCC1.[Cl-],cationic,25.0,3.61978875828839,,,,,
CCCCCCCCCCCCCCCCOCCOCC[N+]1CCCCC1.[Cl-],cationic,25.0,3.74472749489669,,,,,
CCCCCCCCCCCCCCCCOCC[N+]1CCCCC1.[Cl-],cationic,25.0,3.53760200210104,,,,,
CCCCCCCCCCCCCCCC[N+]1CCCCC1.[Cl-],cationic,25.0,3.04575749056068,,,,,
CCCCCCCCCCCCOCCOCC[N+](C)(C)C.[Cl-],cationic,25.0,2.2839966563652,,,,,
CCCCCCCCCCCCOCCOCC[N+]1CCCCC1.[Cl-],cationic,25.0,2.30980391997149,,,,,
CCCCCCCCCCCCOCC[N+](C)(C)C.[Cl-],cationic,25.0,2.14874165128092,,,,,
CCCCCCCCCCCCOCC[N+]1CCCCC1.[Cl-],cationic,25.0,2.16115090926275,,,,,
CCCCCCCCCCCC[N+]1CCCCC1.[Cl-],cationic,25.0,1.80687540164554,,,,,
CCCCCCCCCCOCCOCC[N+](C)(C)C.[Cl-],cationic,25.0,1.63827216398241,,,,,
CCCCCCCCCCOCCOCC[N+]1CCCCC1.[Cl-],cationic,25.0,1.67778070526608,,,,,
CCCCCCCCCCOCC[N+](C)(C)C.[Cl-],cationic,25.0,1.51427857351842,,,,,
CCCCCCCCCC[N+]1CCCCC1.[Cl-],cationic,25.0,1.18708664335714,,,,,
CCCCCCCCCCCCCCCCOCCOCC[N+](C)(C)C.[Br-],cationic,25.0,3.63827216398241,44.6,,0.97,27.9,
CCCCCCCCCCCCCCOCCOCC[N+](C)(C)C.[Br-],cationic,25.0,3.03621217265445,44.3,,0.93,28.3,
CCCCCCCCCCCCOCCOCCOCC[N+](C)(C)C.[Br-],cationic,25.0,2.46852108295775,44.5,,1.21,27.7,
CCCCCCCCCCCCOCCOCC[N+](C)(C)C.[Br-],cationic,25.0,2.43179827593301,42.6,,0.99,29.6,
CCCCCCCCCCCCOCC[N+](C)(C)C.[Br-],cationic,25.0,2.20065945054642,41.0,,0.85,31.2,
CCCCCCCCCCOCCOCC[N+](C)(C)C.[Br-],cationic,25.0,1.80966830182971,44.0,,0.91,28.5,
CCCCCCCCCCCCNC(=O)CC[N+](C)(C)CCC(=O)NCCCCCCCCCCCC.[Br-],cationic,25.0,4.09691001300806,27.0,3.77e-06,0.44,45.0,4.67768208785196
CCCCCCCCCCCCOC(=O)CC[N+](C)(C)CCC(=O)OCCCCCCCCCCCC.[Br-],cationic,25.0,3.82390874094432,45.0,3.39e-06,0.49,27.0,4.00475328436769
CCCCCCCCCCNC(=O)CC[N+](C)(C)CCC(=O)NCCCCCCCCCC.[Br-],cationic,25.0,4.0,25.0,3.39e-06,0.49,47.0,4.69754323891871
CCCCCCCCCCOC(=O)CC[N+](C)(C)CCC(=O)OCCCCCCCCCC.[Br-],cationic,25.0,2.30102999566398,35.0,3.53e-06,0.47,37.0,2.72280543222767
CCCCCCCCNC(=O)CC[N+](C)(C)CCC(=O)NCCCCCCCC.[Br-],cationic,25.0,2.52287874528034,25.0,3.39e-06,0.49,47.0,3.22042198419905
CCCCCCCCCC(=O)NC(CCCNC([N+])N)C(=O)OC.[Cl-],cationic,25.0,1.79588001734408,40.0,2.48e-06,0.67,32.0,2.21965628614953
CCCCCCCCCCCC(=O)NC(CCCNC([N+])N)C(=O)OC.[Cl-],cationic,25.0,2.23657200643706,32.0,2.48e-06,0.67,40.0,2.94286578777948
CCCCCCCCCCCCCC(=O)NC(CCCNC([N+])N)C(=O)OC.[Cl-],cationic,25.0,2.69897000433602,32.0,2.68e-06,0.62,40.0,3.35255529453348
CCCCCCCCCCCCCCCCCC[N+](C)(C)C.[Br-],cationic,25.0,3.45593195564972,35.0,3.19e-06,0.52,37.0,3.82
CCCCCCCCCCCCCCCC[N+](C)(C)C.Cc1ccc(S(=O)(=O)[O-])cc1,cationic,25.0,3.63827216398241,32.0,3.46e-06,0.48,40.0,4.1
CCCCCCCCCCCCCC[P+](c1ccccc1)(c1ccccc1)c1ccccc1,cationic,25.0,3.22184874961636,41.3,2.03e-06,0.82,30.7,3.7
CCCCCCCCCCCCCCC[n+]1ccccc1.[Br-],cationic,25.0,2.88605664769316,,,,,
CCCCCCCCCCCCCC[N+](C)(C)C.[Cl-],cationic,25.0,2.34678748622466,,,,,
CCCCCCCCCCCCCC[N+](CCC)(CCC)CCC.[Br-],cationic,25.0,2.67778070526608,42.8,,,29.2,
CCCCCCCCCCCCCC[n+]1ccccc1.[Br-],cationic,25.0,2.55284196865778,40.8,,,31.17,
CCCCCCCCCCCCCC[n+]1ccccc1.[Cl-],cationic,25.0,2.45593195564972,,,,,
CCCCCCCCCCCCC[n+]1ccccc1.[Br-],cationic,25.0,2.27572413039921,,,,,
CCCCCCCCCCCC[N+](C)(C)CC.[Br-],cationic,25.0,1.85387196432176,,,,,
CCCCCCCCCCCC[N+](C)(C)CCCCCCCC.[Br-],cationic,25.0,2.95860731484178,,,,,
CCCCCCCCCCCC[n+]1ccccc1.[I-],cationic,25.0,2.27572413039921,,,,,
CCCCCCCCCCC[n+]1ccccc1.[Br-],cationic,25.0,1.67778070526608,,,,,
CCCCCCCC[N+](C)(C)C.[Br-],cationic,25.0,3.85387196432176,,,,,
CCCCCCCCCCCCCCCC[N+](C)(C)CCOC1OC(CO)C(O)C(O)C1O.[Br-],cationic,25.0,3.29242982390206,39.1,1.33e-06,1.25,32.9,4.19
CCCCCCCCCCCC[N+](C)(C)CCOC1OC(CO)C(O)C(O)C1O.[Br-],cationic,25.0,2.54975089168064,39.0,1.28e-06,1.3,33.0,3.41
CCCCCCCCCCCC[N+](C)(C)CCOC1OC(COC)C(OC)C(OC)C1OC.[Br-],cationic,25.0,2.58004425151024,37.0,9.02e-07,1.84,35.0,4.06
CCCCCCCC[N+](C)(C)CCOC1OC(COC)C(OC)C(OC)C1OC.[Br-],cationic,25.0,2.23807216157947,37.8,1.06e-06,1.57,34.2,3.4
CCCCCCCCCCCCCCCCCCOC(=O)C[n+]1c(N=Cc2ccc(OC)cc2)sc2ccccc21.[Br-],cationic,25.0,1.38721614328026,39.1,,,32.9,
CCCCCCCCCCCCCCCCCCOC(=O)C[n+]1c(N=Cc2ccccc2)sc2ccccc21.[Br-],cationic,25.0,0.991399828238082,36.7,,,35.3,
CCCCCCCCCCCCCCCCOC(=O)C[n+]1c(N=Cc2ccc(OC)cc2)sc2ccccc21.[Br-],cationic,25.0,1.0268721464003,39.2,,,32.8,
CCCCCCCCCCCCCCCCOC(=O)C[n+]1c(N=Cc2ccccc2)sc2ccccc21.[Br-],cationic,25.0,0.97469413473523,40.4,,,31.6,
CCCCCCCCCCCCCCOC(=O)C[n+]1c(N=Cc2ccc(OC)cc2)sc2ccccc21.[Br-],cationic,25.0,0.97469413473523,42.1,,,29.9,
CCCCCCCCCCCCCCOC(=O)C[n+]1c(N=Cc2ccccc2)sc2ccccc21.[Br-],cationic,25.0,0.931814138253838,42.3,,,29.7,
CCCCCCCCCCCCOC(=O)C[n+]1c(N=Cc2ccc(OC)cc2)sc2ccccc21.[Br-],cationic,25.0,0.906578314837765,45.2,,,26.8,
CCCCCCCCCCCCOC(=O)C[n+]1c(N=Cc2ccccc2)sc2ccccc21.[Br-],cationic,25.0,0.872895201635192,44.4,,,27.6,
CCCCCCCCCC[N+](C)(C)C.[Cl-],cationic,25.0,1.16749108729376,,,,,
CCCCCCCCCCCCCCCC[n+]1ccccc1.[Cl-],cationic,25.0,3.04575749056068,42.0,8.8e-07,0.42,30.0,4.3
CCCCCCCCCCCCCC[N+](CCCC)(CCCC)CCCC.[Br-],cationic,25.0,2.92081875395238,,,,,
CCCCCCCCCCCC[N+](C)(C)CCCC.[Br-],cationic,25.0,2.1249387366083,,,,,
CCCCCCCCCCCC[N+](C)(C)CCCCCC.[Br-],cationic,25.0,2.50863830616573,,,,,
C=CC[N+](C)(C)CCCCCCCCCCCC.[Br-],cationic,,,39.5,,,,
C=CC[N+](C)(C)CCCCCCCCCCCCCCCC.[Br-],cationic,,,34.0,,,,
C=CC[N+](C)(C)CCCCCCCCCCCCCCCCCC.[Br-],cationic,,,33.2,,,,
CCCCCCCCC(CCCCCCCC)C[N+](C)(C)CCO.[Cl-],cationic,,,25.3,,,,
CCCCCCCCCC(=O)OCC1OC(OCCC[N+](C)(C)C)C(O)C(O)C1O.[I-],cationic,,,33.8,,,,
CCCCCCCCCC1OCC(C[N+](C)(C)C)O1.[Br-],cationic,,,31.4,,,,
CCCCCCCCCCC(=O)NCC[N+](C)(C)Cc1ccccc1.[Cl-],cationic,,,39.0,,,,
CCCCCCCCCCCC(=O)OCC(O)CN(CCCCC([N+])C(=O)OC)CC(O)CO.[Cl-],cationic,,,33.0,,,,
CCCCCCCCCCCC(=O)OCC(O)CN(CCCCC([N+])C(=O)OC)CC(O)COC(=O)CCCCCCCCCCC.[Cl-],cationic,,,24.5,,,,
CCCCCCCCCCCC(=O)OCC1OC(OCCC[N+](C)(C)C)C(O)C(O)C1O.[I-],cationic,,,29.6,,,,
CCCCCCCCCCCCC(=O)NCC[N+](C)(C)C.[Cl-],cationic,,,35.0,,,,
CCCCCCCCCCCCC(=O)NCC[N+](C)(C)Cc1ccccc1.[Cl-],cationic,,,39.6,,,,
CCCCCCCCCCCCC(=O)OCC[N+](C)(C)C.[Cl-],cationic,,,30.0,,,,
CCCCCCCCCCCCCC(=O)OCC(O)CN(CCCCC([N+])C(=O)OC)CC(O)CO.[Cl-],cationic,,,31.0,,,,
CCCCCCCCCCCCCC(=O)OCC(O)CN(CCCCC([N+])C(=O)OC)CC(O)COC(=O)CCCCCCCCCCCCC.[Cl-],cationic,,,25.0,,,,
CCCCCCCCCCCCCC(=O)OCC1OC(OCCC[N+](C)(C)C)C(O)C(O)C1O.[I-],cationic,,,27.3,,,,
CCCCCCCCCCCCCC1OCC(C[N+](C)(C)C)O1.[Br-],cationic,,,30.3,,,,
CCCCCCCCCCCCCCC(=O)NCC[N+](C)(C)Cc1ccccc1.[Cl-],cationic,,,39.9,,,,
CCCCCCCCCCCCCCCC(=O)OCC1OC(OCCC[N+](C)(C)C)C(O)C(O)C1O.[I-],cationic,,,33.5,,,,
CCCCCCCCCCCCCCCCC(=O)NCC[N+](C)(C)Cc1ccccc1.[Cl-],cationic,,,42.2,,,,
CCCCCCCCCCCCCCCCCC(=O)OCC1OC(OCCC[N+](C)(C)C)C(O)C(O)C1O.[I-],cationic,,,39.7,,,,
CCCCCCCCCCCCCCCCCCOC(=O)C[n+]1oc(C)cc1N=Cc1ccccc1.[Br-],cationic,,,36.5,,,,
CCCCCCCCCCCCCCCCCC[N+](C)(C)CC(O)COCCOCCOCCOCCOCCOCCOCCOCCOCCOCCCCCCCCCCCC.[Cl-],cationic,,,42.1,,,,
CCCCCCCCCCCCCCCCCC[N+](C)(C)CCN(CCC(=O)NCCN(CCC(=O)OC)CCC(=O)OC)CCC(=O)NCCN(CCC(=O)OC)CCC(=O)OC.[Br-],cationic,,,41.2,,,,
CCCCCCCCCCCCCCCCCC[N+](C)(C)CCN(CCC(=O)OC)CCC(=O)OC.[Br-],cationic,,,38.2,,,,
CCCCCCCCCCCCCCCCCC[n+]1ccn(C)c1.[Br-],cationic,,,40.5,,,,
CCCCCCCCCCCCCCCCCC[n+]1ccn(CCOC(=O)NCCCC)c1.[Br-],cationic,,,41.5,,,,
CCCCCCCCCCCCCCCCOC(=O)C[N+](C)(C)CCCN=Cc1ccccc1O.[Cl-],cationic,,,31.6,,,,
CCCCCCCCCCCCCCCCOC(=O)C[n+]1oc(C)cc1N=Cc1ccccc1.[Br-],cationic,,,37.8,,,,
CCCCCCCCCCCCCCCCOCCOCC[n+]1ccccc1.[Cl-],cationic,,,46.5,,,,
CCCCCCCCCCCCCCCCOCC[n+]1ccccc1.[Cl-],cationic,,,46.0,,,,
CCCCCCCCCCCCCCCCOc1ccc(C[n+]2ccn(C)c2)cc1.[Br-],cationic,,,37.9,,,,
CCCCCCCCCCCCCCCC[N+](C)(C)CC(=O)Nc1ccccc1.[Cl-],cationic,,,32.4,,,,
CCCCCCCCCCCCCCCC[N+](C)(C)CCC/N=C/c1ccc(OC)c(OC)c1.[Br-],cationic,,,39.6,,,,
CCCCCCCCCCCCCCCC[N+](C)(C)CCCN=Cc1ccccc1.[Br-],cationic,,,40.0,,,,
CCCCCCCCCCCCCCCC[N+](C)(C)Cc1ccccc1.[Cl-],cationic,,,40.5,,,,
CCCCCCCCCCCCCCCC[N+](CC)(CC)CCO.[Br-],cationic,,,38.6,,,,
CCCCCCCCCCCCCCCC[N+](CCC)(CCC)CCC.[Br-],cationic,,,43.5,,,,
CCCCCCCCCCCCCCCC[n+]1ccn(CCOC(=O)NCCCC)c1.[Br-],cationic,,,42.0,,,,
CCCCCCCCCCCCCCCCn1cc[n+](C)c1.[Br-],cationic,,,38.0,,,,
CCCCCCCCCCCCCCCCn1cc[n+](C)c1.[Cl-],cationic,,,37.0,,,,
CCCCCCCCCCCCCCOC(=O)C[N+](C)(C)CCCN=Cc1ccccc1O.[Cl-],cationic,,,33.0,,,,
CCCCCCCCCCCCCCOC(=O)C[n+]1oc(C)cc1N=Cc1ccccc1.[Br-],cationic,,,39.0,,,,
CCCCCCCCCCCCCCOc1ccc(C[n+]2ccn(C)c2)cc1.[Br-],cationic,,,35.8,,,,
CCCCCCCCCCCCCC[N+](C)(C)CCN(CCC(=O)NCCN(CCC(=O)OC)CCC(=O)OC)CCC(=O)NCCN(CCC(=O)OC)CCC(=O)OC.[Br-],cationic,,,32.0,,,,
CCCCCCCCCCCCCC[N+](C)(C)CCN(CCC(=O)OC)CCC(=O)OC.[Br-],cationic,,,27.8,,,,
CCCCCCCCCCCCCC[N+](CC)(CC)CCO.[Br-],cationic,,,43.0,,,,
CCCCCCCCCCCCCC[n+]1ccn(CCOC(=O)NCCCC)c1.[Br-],cationic,,,44.0,,,,
CCCCCCCCCCCCCCn1cc[n+](C)c1.[Br-],cationic,,,39.2,,,,
CCCCCCCCCCCCCCn1cc[n+](C)c1.[Cl-],cationic,,,37.5,,,,
CCCCCCCCCCCCOC(=O)C[n+]1oc(C)cc1N=Cc1ccccc1.[Br-],cationic,,,42.0,,,,
CCCCCCCCCCCCOc1ccc(C[n+]2ccn(C)c2)cc1.[Br-],cationic,,,37.9,,,,
CCCCCCCCCCCC[N+](C)(C)C(C)C(O)c1ccccc1.[Br-],cationic,,,31.8,,,,
CCCCCCCCCCCC[N+](C)(C)CCC/N=C/c1ccc(OC)c(OC)c1.[Br-],cationic,,,31.1,,,,
CCCCCCCCCCCC[N+](C)(C)CCCN=Cc1ccccc1.[Br-],cationic,,,31.4,,,,
CCCCCCCCCCCC[N+](C)(C)CCO.[Br-],cationic,,,32.4,,,,
CCCCCCCCCCCC[N+].[Cl-],cationic,,,29.0,,,,
CCCCCCCCCCCC[N+]C.[Cl-],cationic,,,34.0,,,,
CCCCCCCCCCCCc1cc[n+](C2OC(CO)C(O)C(O)C2O)cc1.[Br-],cationic,,,39.2,,,,
CCCCCCCCCCCCn1cc[n+](C)c1.[Cl-],cationic,,,38.7,,,,
CCCCCCCCCCOC(=O)C[N+](C)(C)CCCN=Cc1ccccc1O.[Cl-],cationic,,,35.9,,,,
CCCCCCCCCCOc1ccc(C[n+]2ccn(C)c2)cc1.[Br-],cationic,,,39.0,,,,
CCCCCCCCCC[N+](C)(C)CCC/N=C/c1ccc(OC)c(OC)c1.[Br-],cationic,,,32.1,,,,
CCCCCCCCCC[N+](C)(C)CCCCCCCCCC.[Cl-],cationic,,,27.7,,,,
CCCCCCCCCC[N+](C)(C)CCCN=Cc1ccccc1.[Br-],cationic,,,32.9,,,,
CCCCCCCCCC[N+](C)(C)CCN(CCC(=O)NCCN(CCC(=O)OC)CCC(=O)OC)CCC(=O)NCCN(CCC(=O)OC)CCC(=O)OC.[Br-],cationic,,,31.7,,,,
CCCCCCCCCC[N+](C)(C)CCN(CCC(=O)OC)CCC(=O)OC.[Br-],cationic,,,27.1,,,,
CCCCCCCCCc1ccc(OCC(O)C[N+](C)(C)C)cc1.[Br-],cationic,,,29.5,,,,
CCCCCCCCOC(=O)CC([N+])C(=O)OCCCCCC.[Cl-],cationic,,,23.4,,,,
CCCCCCCC[N+](C)(C)CCCCCCCC.[Br-],cationic,,,23.0,,,,
CCCCCCCC[n+]1ccc(C)cc1.[Cl-],cationic,,,31.0,,,,
CCCCCCCC[n+]1cccc(C)c1.[Cl-],cationic,,,32.4,,,,
CCCCCCCC[n+]1ccccc1.[Cl-],cationic,,,36.8,,,,
CCCCCCCC[n+]1ccccc1C.[Cl-],cationic,,,31.8,,,,
CCCCCCCCn1cc[n+](C)c1.[Cl-],cationic,,,37.0,,,,
CCCCCCCCn1cc[n+](C)c1.[I-],cationic,,,34.5,,,,
CCCCCCOC(=O)CC([N+])C(=O)OCCCCCC.[Cl-],cationic,,,24.3,,,,
CCCCCC[n+]1ccccc1.[Cl-],cationic,,,36.4,,,,
CCCC[n+]1ccccc1.[Cl-],cationic,,,51.1,,,,
CCCCCCCCCCCCCC[N+](CCCCCC[N+](CCCCCCCCCCCCCC)(CC(C)O)CC(C)O)(CC(C)O)CC(C)O.[Br-].[Br-],gemini cationic,25.0,3.57675412606319,30.0,1.73e-06,0.96,42.0,4.31
CCCCCCCCCCCCCC[N+](CCCCCC[N+](CCCCCCCCCCCCCC)CC(C)O)CC(C)O.[Br-].[Br-],gemini cationic,25.0,3.48545224733971,35.5,2.29e-06,0.73,36.6,4.02
CCCCCCCCCCCC[N+](CCCCCC[N+](CCCCCCCCCCCC)(CC(C)O)CC(C)O)(CC(C)O)CC(C)O.[Br-].[Br-],gemini cationic,25.0,3.45099673797421,32.7,1.65e-06,1.01,39.3,4.13
CCCCCCCCCCCC[N+](CCCCCC[N+](CCCCCCCCCCCC)CC(C)O)CC(C)O.[Br-].[Br-],gemini cationic,25.0,3.35359627377693,36.0,2.14e-06,0.78,36.0,3.83
CCCCCCCCCC[N+](CCCCCC[N+](CCCCCCCCCC)(CC(C)O)CC(C)O)(CC(C)O)CC(C)O.[Br-].[Br-],gemini cationic,25.0,3.2518119729938,34.1,1.62e-06,1.02,37.9,3.92
CCCCCCCCCC[N+](CCCCCC[N+](CCCCCCCCCC)CC(C)O)CC(C)O.[Br-].[Br-],gemini cationic,25.0,3.22257317761069,38.0,2.03e-06,0.82,34.0,3.55
CCCCCCCCC[N+](CCCCCC[N+](CCCCCCCCC)(CC(C)O)CC(C)O)(CC(C)O)CC(C)O.[Br-].[Br-],gemini cationic,25.0,3.20901152491118,34.9,1.57e-06,1.06,37.1,3.78
CCCCCCCCC[N+](CCCCCC[N+](CCCCCCCCC)CC(C)O)CC(C)O.[Br-].[Br-],gemini cationic,25.0,3.07058107428571,42.2,1.95e-06,0.85,29.8,3.4
CCCCCCCCCCCCCCCCCC[N+](C)(C)CC(O)COCC(C)(COCC(O)C[N+](C)(C)CCCCCCCCCCCCCCCCCC)COCC(O)C[N+](C)(C)CCCCCCCCCCCCCCCCCC.[Cl-].[Cl-].[Cl-],gemini cationic,25.0,4.30980391997149,33.0,2.94e-06,0.57,39.0,5.39
CCCCCCCCCC[N+]CC(O)COCC(C)(COCC(O)C[N+]CCCCCCCCCC)COCC(O)C[N+]CCCCCCCCCC.[Cl-].[Cl-].[Cl-],gemini cationic,25.0,3.20620961530918,34.8,2.8e-06,0.59,37.2,4.21
CCCCCCCCCCCCCCCC[N+](C)(C)CCCCCC[N+](C)(C)CCCCCCCCCCCCCCCC.[Br-].[Br-],gemini cationic,25.0,4.3665,37.0,6.89e-07,2.41,34.78,5.87
CCCCCCCCCCCCCCCC[N+](C)(C)CCCC[N+](C)(C)CCCCCCCCCCCCCCCC.[Br-].[Br-],gemini cationic,25.0,4.5686,43.0,7.38e-07,2.25,28.78,5.28
CCCCCCCCCCCCCCCC[N+](C)(C)CC[N+](C)(C)CCCCCCCCCCCCCCCC.[Br-].[Br-],gemini cationic,25.0,4.6778,28.5,7.76e-07,2.14,43.28,6.58
CCCCCCCCCCCCCCCCOCC(O)Cn1cc[n+](CCC[n+]2ccn(CC(O)COCCCCCCCCCCCCCCCC)c2)c1.[Br-].[Br-],gemini cationic,25.0,3.38605252321965,50.1,2.01e-06,0.08,21.84,0.46
CCCCCCCCCCCCCCCCOCC(O)Cn1cc[n+](CC[n+]2ccn(CC(O)COCCCCCCCCCCCCCCCC)c2)c1.[Br-].[Br-],gemini cationic,25.0,3.36754270781528,48.1,2.71e-06,0.06,24.33,0.52
CCCCCCCCCCCCCCOCC(O)Cn1cc[n+](CCC[n+]2ccn(CC(O)COCCCCCCCCCCCCCC)c2)c1.[Br-].[Br-],gemini cationic,25.0,4.14898639317633,44.5,2.99e-06,0.06,27.81,0.93
CCCCCCCCCCCCCCOCC(O)Cn1cc[n+](CC[n+]2ccn(CC(O)COCCCCCCCCCCCCCC)c2)c1.[Br-].[Br-],gemini cationic,25.0,3.63078414258986,43.5,3.22e-06,0.05,28.89,1.46
CCCCCCCCCCCCOCC(O)Cn1cc[n+](CCC[n+]2ccn(CC(O)COCCCCCCCCCCCC)c2)c1.[Br-].[Br-],gemini cationic,25.0,4.69897000433602,36.1,3.48e-06,0.05,36.32,2.1
CCCCCCCCCCCCOCC(O)Cn1cc[n+](CC[n+]2ccn(CC(O)COCCCCCCCCCCCC)c2)c1.[Br-].[Br-],gemini cationic,25.0,4.65757731917779,30.0,4.53e-06,0.04,42.36,2.0
CCCCCCCCCCCC(=O)NCCC[N+](C)(C)Cc1ccc(C[N+](C)(C)CCCNC(=O)CCCCCCCCCCC)cc1.[Cl-].[Cl-],gemini cationic,25.0,3.04575749056068,45.9,1.14e-06,1.45,26.1,3.36
CCCCCCCCCCCCCC(=O)NCCC[N+](C)(C)Cc1ccc(C[N+](C)(C)CCCNC(=O)CCCCCCCCCCCCC)cc1.[Cl-].[Cl-],gemini cationic,25.0,3.88605664769316,46.2,8.8e-07,1.88,25.8,3.25
CCCCCCCCCCCCCCCCOCC(O)C[N+](C)(C)CCCC[N+](C)(C)CC(O)COCCCCCCCCCCCCCCCC.[Br-].[Br-],gemini cationic,25.0,5.52287874528034,39.2,1.91e-06,0.87,32.8,6.12
CCCCCCCCCCCCCCOCC(O)C[N+](C)(C)CCCC[N+](C)(C)CC(O)COCCCCCCCCCCCCCC.[Br-].[Br-],gemini cationic,25.0,5.0,37.4,2.16e-06,0.77,34.6,5.59
CCCCCCCCCCCCOCC(O)C[N+](C)(C)CCCC[N+](C)(C)CC(O)COCCCCCCCCCCCC.[Br-].[Br-],gemini cationic,25.0,3.72124639904717,36.4,2.24e-06,0.74,35.6,4.36
CCCCCCCCCC(=O)OCCC[N+](C)(C)CC(O)CN(CCCC)CC(O)C[N+](C)(C)CCCOC(=O)CCCCCCCCC.[Cl-].[Cl-],gemini cationic,25.0,3.10790539730952,38.0,1.14e-06,1.46,35.3,5.31
CCCCCCCCCC(=O)OCCC[N+](C)(C)CC(O)CN(CCCCC)CC(O)C[N+](C)(C)CCCOC(=O)CCCCCCCCC.[Cl-].[Cl-],gemini cationic,25.0,3.54975089168064,36.0,1.02e-06,1.62,33.3,5.7
CCCCCCCCCC(=O)OCCC[N+](C)(C)CC(O)CN(CCCCCC)CC(O)C[N+](C)(C)CCCOC(=O)CCCCCCCCC.[Cl-].[Cl-],gemini cationic,25.0,4.22475374025976,39.0,9.34e-07,1.77,36.3,5.73
CCCCCCCCCC(=O)OCCC[N+](C)(C)CC(O)CN(CCCCCCCC)CC(O)C[N+](C)(C)CCCOC(=O)CCCCCCCCC.[Cl-].[Cl-],gemini cationic,25.0,4.54975089168064,37.0,8.73e-07,1.9,34.3,6.1
CCCCCCCCCCCC(=O)OCCC[N+](C)(C)CC(O)CN(CCCC)CC(O)C[N+](C)(C)CCCOC(=O)CCCCCCCCCCC.[Cl-].[Cl-],gemini cationic,25.0,3.34969247686806,37.0,1.18e-06,1.83,36.3,5.61
CCCCCCCCCCCC(=O)OCCC[N+](C)(C)CC(O)CN(CCCCC)CC(O)C[N+](C)(C)CCCOC(=O)CCCCCCCCCCC.[Cl-].[Cl-],gemini cationic,25.0,3.82390874094432,35.0,1.09e-06,1.75,34.3,6.2
CCCCCCCCCCCC(=O)OCCC[N+](C)(C)CC(O)CN(CCCCCC)CC(O)C[N+](C)(C)CCCOC(=O)CCCCCCCCCCC.[Cl-].[Cl-],gemini cationic,25.0,4.34969247686806,38.0,9.45e-07,1.51,37.3,5.83
CCCCCCCCCCCC(=O)OCCC[N+](C)(C)CC(O)CN(CCCCCCCC)CC(O)C[N+](C)(C)CCCOC(=O)CCCCCCCCCCC.[Cl-].[Cl-],gemini cationic,25.0,4.74957999769111,36.0,9.06e-07,1.4,35.3,6.3
CCCCCCCCCCCCCCCC[N+](C)(C)CCCNC(=O)c1ccc(C(=O)NCCC[N+](C)(C)CCCCCCCCCCCCCCCC)cc1.[Br-].[Br-],gemini cationic,25.0,4.21467016498923,43.4,7.7e-07,2.16,28.6,4.9
CCCCCCCCCCCCCC[N+](C)(C)CCCNC(=O)c1ccc(C(=O)NCCC[N+](C)(C)CCCCCCCCCCCCCC)cc1.[Br-].[Br-],gemini cationic,25.0,3.6615435063954,40.9,1.24e-06,1.34,31.1,4.13
CCCCCCCCCCCC[N+](C)(C)CCCNC(=O)c1ccc(C(=O)NCCC[N+](C)(C)CCCCCCCCCCCC)cc1.[Br-].[Br-],gemini cationic,25.0,2.93181413825384,36.3,1.48e-06,1.12,35.7,3.57
CCCCCCCCCCCCCC[N+](C)(C)CC(=O)OCc1ccc(COC(=O)C[N+](C)(C)CCCCCCCCCCCCCC)cc1.[Cl-].[Cl-],gemini cationic,25.0,4.04575749056068,40.9,1.24e-06,1.34,31.1,3.99
CCCCCCCCCCCCCC[N+](C)(C)CC(=O)Oc1ccc(OC(=O)C[N+](C)(C)CCCCCCCCCCCCCC)cc1.[Cl-].[Cl-],gemini cationic,25.0,4.0,37.7,2.17e-06,1.31,34.3,4.04
CCCCCCCCCCCC[N+](C)(C)CC(=O)OCc1ccc(COC(=O)C[N+](C)(C)CCCCCCCCCCCC)cc1.[Cl-].[Cl-],gemini cationic,25.0,3.23657200643706,41.1,8.9e-07,1.86,30.9,3.24
CCCCCCCCCCCC[N+](C)(C)CC(=O)Oc1ccc(OC(=O)C[N+](C)(C)CCCCCCCCCCCC)cc1.[Cl-].[Cl-],gemini cationic,25.0,3.18708664335714,37.8,1.09e-06,1.51,34.2,3.19
CCCCCCCC=CCCCCCCCCC(=O)NCCC[N+](C)(C)CC=CC[N+](C)(C)CCCNC(=O)CCCCCCCC=CCCCCCCCC.[Br-].[Br-],gemini cationic,25.0,3.80134291304558,35.67,1.92e-06,0.86,36.33,4.29793610878026
CCCCCCCC=CCCCCCCCCC(=O)NCCC[N+](C)(C)CC=CC[N+](C)(C)CCCNC(=O)CCCCCCCC=CCCCCCCCC.[Cl-].[Cl-],gemini cationic,25.0,5.53610701101409,37.23,1.64e-06,1.01,34.77,6.06194560233646
CCCCCCCCC=CCCCCCCCC(=O)NCCC[N+](C)(C)CCCCCC[N+](C)(C)CCCNC(=O)CCCCCCCC=CCCCCCCCC.[Br-].[Br-],gemini cationic,25.0,4.11350927482752,30.3,2.38e-06,0.7,41.66,4.64586090139227
CCCCCCCCC=CCCCCCCCC(=O)NCCC[N+](C)(C)CCCC[N+](C)(C)CCCNC(=O)CCCCCCCC=CCCCCCCCC.[Br-].[Br-],gemini cationic,25.0,3.97881070093006,32.9,2.26e-06,0.73,38.88,4.47225795512811
CCCCCCCCCCCC(=O)NCCC[N+](C)(C)CC=CC[N+](C)(C)CCCNC(=O)CCCCCCCCCC.[Br-].[Br-],gemini cationic,25.0,3.59176003468815,36.33,1.81e-06,0.91,35.77,4.09724265739564
CCCCCCCCCCCC(=O)NCCC[N+](C)(C)CC=CC[N+](C)(C)CCCNC(=O)CCCCCCCCCC.[Cl-].[Cl-],gemini cationic,25.0,3.44249279809434,38.12,1.6e-06,1.05,33.88,3.94899961182104
CCCCCCCCCCCCCCCC[N+](C)(C)CCN(C)CC[N+](C)(C)CCCCCCCCCCCCCCCC.[Br-].[Br-],gemini cationic,25.0,4.85387196432176,42.9,1.39e-06,1.19,29.1,5.23611748128425
CCCCCCCCCCCCCCC[N+](C)(C)CCN(C)CC[N+](C)(C)CCCCCCCCCCCCCCC.[Br-].[Br-],gemini cationic,25.0,4.3767507096021,40.1,1.47e-06,1.13,31.9,4.84940699248141
CCCCCCCCCCCCCC[N+](C)(C)CCN(C)CC[N+](C)(C)CCCCCCCCCCCCCC.[Br-].[Br-],gemini cationic,25.0,3.92081875395238,38.0,1.62e-06,1.03,34.0,4.42539735659042
CCCCCCCCCCCCC[N+](C)(C)CCN(C)CC[N+](C)(C)CCCCCCCCCCCCC.[Br-].[Br-],gemini cationic,25.0,3.38721614328026,38.0,1.49e-06,1.11,34.0,3.93581838239008
CCCCCCCCCCCCC[N+](C)(C)CCOCC[N+](C)(C)CCCCCCCCCCCCC.[Br-].[Br-],gemini cationic,25.0,3.50863830616573,39.7,1.32e-06,1.26,32.3,4.05269854621798
CCCCCCCCCCC[N+](C)(C)CCN(C)CC[N+](C)(C)CCCCCCCCCCC.[Br-].[Br-],gemini cationic,25.0,2.67778070526608,37.5,1.61e-06,1.03,34.5,3.20362593046429
CCCCCCCCCCC[N+](C)(C)CCOCC[N+](C)(C)CCCCCCCCCCC.[Br-].[Br-],gemini cationic,25.0,2.67778070526608,39.1,1.31e-06,1.27,32.9,3.25273619261231
CCCCCCCCC[N+](C)(C)CCN(C)CC[N+](C)(C)CCCCCCCCC.[Br-].[Br-],gemini cationic,25.0,1.82390874094432,38.0,1.66e-06,1.0,34.0,2.31632882303687
CCCCCCCCC[N+](C)(C)CCOCC[N+](C)(C)CCCCCCCCC.[Br-].[Br-],gemini cationic,25.0,1.76955107862173,40.4,1.25e-06,1.33,31.6,2.31138199866596
CCCCCCCC[N+](C)(C)CCN(C)CC[N+](C)(C)CCCCCCCC.[Br-].[Br-],gemini cationic,25.0,1.43179827593301,37.1,1.69e-06,0.98,34.9,1.94657081652798
CCCCCCCCCCCCCCCCCC[N+](C)(C)CCSCC[N+](C)(C)CCCCCCCCCCCCCCCCCC.[Br-].[Br-],gemini cationic,25.0,6.0,40.9,1.39e-06,1.19,31.1,6.46625552069051
CCCCCCCCCCCCCCCC[N+](C)(C)CCSCC[N+](C)(C)CCCCCCCCCCCCCCCC.[Br-].[Br-],gemini cationic,25.0,5.0132,41.9,1.39e-06,1.19,30.1,5.4374505188265
CCCCCCCCCCCCCC[N+](C)(C)CCCCC[N+](C)(C)CCCCCCCCCCCCCC.[Br-].[Br-],gemini cationic,25.0,3.7447,39.6,1.38e-06,1.2,32.4,4.26933638560005
CCCCCCCCCCCCCC[N+](C)(C)CCSCC[N+](C)(C)CCCCCCCCCCCCCC.[Br-].[Br-],gemini cationic,25.0,4.0,33.9,1.46e-06,1.14,38.1,4.7238382478744
CCCCCCCCCCCCC[N+](C)(C)CCCCC[N+](C)(C)CCCCCCCCCCCCC.[Br-].[Br-],gemini cationic,25.0,3.38720000000001,39.7,1.35e-06,1.23,32.3,3.91917001249555
CCCCCCCCCCCC[N+](C)(C)CCCCC[N+](C)(C)CCCCCCCCCCCC.[Br-].[Br-],gemini cationic,25.0,2.95860000000001,40.1,1.66e-06,1.0,31.9,3.37715706977867
CCCCCCCCCCCC[N+](C)(C)CCSCC[N+](C)(C)CCCCCCCCCCCC.[Br-].[Br-],gemini cationic,25.0,3.07572071393812,34.5,1.19e-06,1.4,37.5,3.93435236968773
CCCCCCCCCCC[N+](C)(C)CCCCC[N+](C)(C)CCCCCCCCCCC.[Br-].[Br-],gemini cationic,25.0,3.0,40.0,1.45e-06,1.15,32.0,3.48320236627012
CCCCCCCCCC[N+](C)(C)CCCCC[N+](C)(C)CCCCCCCCCC.[Br-].[Br-],gemini cationic,25.0,2.11350927482752,39.5,1.3e-06,1.28,32.5,2.67492228050995
CCCCCCCCCC[N+](C)(C)CCSCC[N+](C)(C)CCCCCCCCCC.[Br-].[Br-],gemini cationic,25.0,2.2076,35.0,1.95e-06,0.85,37.0,2.71661445848541
CCCCCCCCC[N+](C)(C)CCCCC[N+](C)(C)CCCCCCCCC.[Br-].[Br-],gemini cationic,25.0,2.38195190328791,39.7,1.28e-06,1.3,32.3,2.94301402584179
CCCCCCCC[N+](C)(C)CCCCC[N+](C)(C)CCCCCCCC.[Br-].[Br-],gemini cationic,25.0,1.58,40.3,1.42e-06,1.17,31.7,2.06107559529182
CCCCCC[N+](C)(C)CCSCC[N+](C)(C)CCCCCC.[Br-].[Br-],gemini cationic,25.0,1.21467016498923,28.7,2.11e-06,0.79,43.3,1.85941708222605
CCCCCCCCCC[n+]1ccc(C(=O)NCCCCCCNC(=O)c2cc[n+](CCCCCCCCCC)cc2)cc1.[Br-].[Br-],gemini cationic,25.0,2.54668165995296,47.3,1.4e-06,1.19,24.7,4.7
CCCCCCCCCCCC[N+](C)(C)CCC[N+](C)(C)CCCCCCCCCCCC.[Br-].[Br-],gemini cationic,25.0,3.02690000000004,34.0,2.02e-06,0.82,38.0,3.54717977556317
CCCCCCCCCCCCCCCC[N+](C)(C)CC(O)COCCOCC(O)C[N+](C)(C)CCCCCCCCCCCCCCCC.[Br-].[Br-],gemini cationic,25.0,3.20690839982342,37.0,1.31e-06,1.26,35.0,4.14
CCCCCCCCCCCCCCCC[N+](C)(C)CC(O)COCCOCCOCC(O)C[N+](C)(C)CCCCCCCCCCCCCCCC.[Br-].[Br-],gemini cationic,25.0,3.41005039867429,36.5,7.85e-07,2.12,35.5,4.71
CCCCCCCCCCCCCCCC[N+](C)(C)CC(O)COCCOCCOCCOCC(O)C[N+](C)(C)CCCCCCCCCCCCCCCC.[Br-].[Br-],gemini cationic,25.0,3.40011692792631,43.9,1.04e-06,1.8,28.1,5.91
CCCCCCCCCCCCCC[N+](C)(C)CC(O)COCCOCC(O)C[N+](C)(C)CCCCCCCCCCCCCC.[Br-].[Br-],gemini cationic,25.0,3.61439372640169,34.5,9.47e-07,1.75,37.5,4.73
CCCCCCCCCCCCCC[N+](C)(C)CC(O)COCCOCCOCC(O)C[N+](C)(C)CCCCCCCCCCCCCC.[Br-].[Br-],gemini cationic,25.0,3.47755576649368,34.8,8.13e-07,2.04,37.2,4.63
CCCCCCCCCCCCCC[N+](C)(C)CC(O)COCCOCCOCCOCC(O)C[N+](C)(C)CCCCCCCCCCCCCC.[Br-].[Br-],gemini cationic,25.0,3.29929628285498,33.6,1.4e-06,1.6,38.4,4.39
CCCCCCCCCCCC[N+](C)(C)CC(O)COCCOCC(O)C[N+](C)(C)CCCCCCCCCCCC.[Br-].[Br-],gemini cationic,25.0,3.14813039927023,30.6,3e-06,0.55,41.4,3.64
CCCCCCCCCCCC[N+](C)(C)CC(O)COCCOCCOCC(O)C[N+](C)(C)CCCCCCCCCCCC.[Br-].[Br-],gemini cationic,25.0,2.90692869362394,28.5,1.06e-06,1.57,43.5,4.12
CCCCCCCCCCCC[N+](C)(C)CC(O)COCCOCCOCCOCC(O)C[N+](C)(C)CCCCCCCCCCCC.[Br-].[Br-],gemini cationic,25.0,3.21681130892474,33.8,8.27e-07,1.19,38.2,4.0
CCCCCCCCCC[N+](C)(C)CC(=O)COCCOCC(=O)C[N+](C)(C)CCCCCCCCCC.[Br-].[Br-],gemini cationic,25.0,3.06600683616876,32.6,1.47e-06,1.33,39.4,3.86
CCCCCCCCCC[N+](C)(C)CC(O)COCCOCCOCC(O)C[N+](C)(C)CCCCCCCCCC.[Br-].[Br-],gemini cationic,25.0,2.76955107862173,47.0,4.17e-07,3.98,25.0,3.22
CCCCCCCCCC[N+](C)(C)CC(O)COCCOCCOCCOCC(O)C[N+](C)(C)CCCCCCCCCC.[Br-].[Br-],gemini cationic,25.0,3.18775530319963,48.3,5.19e-07,2.01,23.7,3.54
C=CC(=O)OC(C[N+](C)(C)CCCCCCCCCCCC)C[N+](C)(C)CCCCCCCCCCCC.[Br-].[Br-],gemini cationic,25.0,3.10237290870956,33.4,1.48e-06,1.12,38.6,3.83615488046098
C=CC(=O)OC(C[N+](C)(C)CCCCCCCCCCCCCC)C[N+](C)(C)CCCCCCCCCCCCCC.[Br-].[Br-],gemini cationic,25.0,3.61978875828839,31.3,1.4e-06,1.19,40.7,4.48308155731207
C=CC(=O)OC(C[N+](C)(C)CCCCCCCCCCCCCCCC)C[N+](C)(C)CCCCCCCCCCCCCCCC.[Br-].[Br-],gemini cationic,25.0,4.50863830616573,32.5,1.59e-06,1.05,39.5,5.22470470586634
CCCCCCCCCCCCCCCC[N+](C)(C)CC(=O)OCCN(CCOC(=O)C[N+](C)(C)CCCCCCCCCC)CCOC(=O)C[N+](C)(C)CCCCCCCCCC.[Br-].[Br-].[Br-],gemini cationic,25.0,5.20760831050175,38.5,1.5e-06,1.11,33.5,5.60172024049082
CCCCCCCCCCCCCC[N+](C)(C)CC(=O)OCCN(CCOC(=O)C[N+](C)(C)CCCCCCCCCC)CCOC(=O)C[N+](C)(C)CCCCCCCCCC.[Br-].[Br-].[Br-],gemini cationic,25.0,4.29413628771608,38.0,9.28e-07,1.79,34.0,4.95476452285102
CCCCCCCCCC[N+](C)(C)CC(=O)OCCN(CCOC(=O)C[N+](C)(C)CCCCCCCCCC)CCOC(=O)C[N+](C)(C)CCCCCCCCCC.[Br-].[Br-].[Br-],gemini cationic,25.0,2.7619538968712,37.9,1.03e-06,1.61,34.1,3.36141217225911
CCCCCCCCCCCCCCCC[N+](CCC)(CCC)CCCC[N+](CCC)(CCC)CCCCCCCCCCCCCCCC.[Br-].[Br-],gemini cationic,25.0,5.4089353929735,48.37,6.7e-07,2.49,23.6,5.72527067342907
CCCCCCCCCCCCCC[N+](CCC)(CCC)CCCC[N+](CCC)(CCC)CCCCCCCCCCCCCC.[Br-].[Br-],gemini cationic,25.0,3.93554201077308,41.0,8.8e-07,1.89,30.97,4.66537891816025
CCCCCCCCCCCC[N+](CCC)(CCC)CCCC[N+](CCC)(CCC)CCCCCCCCCCCC.[Br-].[Br-],gemini cationic,25.0,2.22914798835786,38.6,9.1e-07,1.83,33.37,3.08891190563153
CCCCCCCCCC[N+](CCC)(CCC)CCCC[N+](CCC)(CCC)CCCCCCCCCC.[Br-].[Br-],gemini cationic,25.0,2.3936186348894,38.5,1.08e-06,1.53,33.47,3.12345554227656
CCCCCCCCC(=O)NCCC[N+](C)(C)CC(O)C[N+](C)(C)CCCNC(=O)CCCCCCCC.[Cl-].[Cl-],gemini cationic,25.0,3.26680273489343,32.3,1.53e-06,1.09,39.7,3.8
CCCCCCCCCCCCC(=O)NCCC[N+](C)(C)CC(O)C[N+](C)(C)CCCNC(=O)CCCCCCCCCCCC.[Cl-].[Cl-],gemini cationic,25.0,3.82973828460504,34.8,1.32e-06,1.23,37.2,4.75
CCCCCCCCCCCCCCCCC(=O)NCCC[N+](C)(C)CC(O)C[N+](C)(C)CCCNC(=O)CCCCCCCCCCCCCCCC.[Cl-].[Cl-],gemini cationic,25.0,4.25026368443094,37.5,1.38e-06,1.2,34.5,4.68
CCCCCCCCCCCCCCCC[N+](CCCCC[N+](CCCCCCCCCCCCCCCC)(CC(C)O)CC(C)O)(CC(C)O)CC(C)O.[Br-].[Br-],gemini cationic,25.0,4.10237290870956,27.9,3.18e-06,0.78,44.1,5.05
CCCCCCCCCCCCCCCC[N+](CCCCC[N+](CCCCCCCCCCCCCCCC)CC(C)O)CC(C)O.[Br-].[Br-],gemini cationic,25.0,4.04575749056068,30.0,2.84e-06,0.88,42.0,5.02
CCCCCCCCCCCC[N+](CCCCC[N+](CCCCCCCCCCCC)(CC(C)O)CC(C)O)(CC(C)O)CC(C)O.[Br-].[Br-],gemini cationic,25.0,3.18045606445813,27.9,1.97e-06,1.26,44.1,4.9
CCCCCCCCCCCC[N+](CCCCC[N+](CCCCCCCCCCCC)CC(C)O)CC(C)O.[Br-].[Br-],gemini cationic,25.0,2.85542579239038,30.7,2.07e-06,1.2,41.3,4.02
CCCCCCCCC[N+](CCCCC[N+](CCCCCCCCC)(CC(C)O)CC(C)O)(CC(C)O)CC(C)O.[Br-].[Br-],gemini cationic,25.0,2.64397414280688,28.0,1.98e-06,1.26,44.0,4.04
CCCCCCCC[N+](CCCCC[N+](CCCCCCCC)CC(C)O)CC(C)O.[Br-].[Br-],gemini cationic,25.0,1.48148606012211,29.9,2.27e-06,1.1,42.1,2.54
CCCCCCCCCCCCCCNC(=O)C([N+])CCCNC([N+])N.[Cl-].[Cl-],gemini cationic,25.0,3.15490195998574,33.0,9.7e-07,1.14,39.0,4.29856391795326
CCCCCCCCCCOC(=O)C([N+])CCCNC([N+])N.[Cl-].[Cl-],gemini cationic,25.0,1.88605664769316,34.0,1.54e-06,0.72,38.0,2.56850154810714
CCCCCCCCOC(=O)C([N+])CCCNC([N+])N.[Cl-].[Cl-],gemini cationic,25.0,1.58502665202918,35.0,1.15e-06,0.96,37.0,2.44813812511314
CCCCCCCCCCCC[N+](C)(C)CC[N+](C)(CCCCCCCCCCCC)CC[N+](C)(C)CCCCCCCCCCCC.[Br-].[Br-].[Br-],gemini cationic,25.0,4.18708664335714,36.4,1.11e-06,1.49,35.6,4.80251668418092
CCCCCCCCCC[N+](C)(C)CC[N+](C)(CCCCCCCCCC)CC[N+](C)(C)CCCCCCCCCC.[Br-].[Br-].[Br-],gemini cationic,25.0,3.02227639471115,25.8,1.38e-06,1.21,46.2,3.85365582834349
CCCCCCCC[N+](C)(C)CC[N+](C)(CCCCCCCC)CC[N+](C)(C)CCCCCCCC.[Br-].[Br-].[Br-],gemini cationic,25.0,1.86646109162978,35.1,1.07e-06,1.55,36.9,2.55810092722846
CCCCCCCCCCCC[N+](C)(C)CCOC(=O)CCC(=O)OCC[N+](C)(C)CCCCCCCCCCCC.[Br-].[Br-],gemini cationic,25.0,3.26760624017703,37.8,1.41e-06,1.17,34.2,3.83
CCCCCCCCCCCCOc1ccc[n+](CCCCCC[n+]2cccc(OCCCCCCCCCCCC)c2)c1.[Br-].[Br-],gemini cationic,25.0,3.72124639904717,37.8,1.85e-06,0.9,34.13,4.38
CCCCCCCCCCCCCCOCC(CCC[N+](C)(C)C)(CCC[N+](C)(C)C)COCCCCCCCCCCCCCC.[I-].[I-],gemini cationic,25.0,5.22184874961636,33.0,2.77e-06,0.6,39.0,5.69
CCCCCCCCCCCCCCOCC(CC[N+](C)(C)C)(CC[N+](C)(C)C)COCCCCCCCCCCCCCC.[I-].[I-],gemini cationic,25.0,5.51570016065321,23.5,2.37e-06,0.7,48.5,6.19
CCCCCCCCCCCCCCOCC(COCCCCCCCCCCCCCC)(COCCC[N+](C)(C)C)COCCC[N+](C)(C)C.[I-].[I-],gemini cationic,25.0,5.5003129173816,35.0,2.37e-06,0.7,37.0,5.8
CCCCCCCCCCCCCCOCC(COCCCCCCCCCCCCCC)(COCC[N+](C)(C)C)COCC[N+](C)(C)C.[I-].[I-],gemini cationic,25.0,5.54363396687096,32.7,3.32e-06,0.5,39.3,5.97
CCCCCCCCCCCCCCOCC(COCCCCCCCCCCCCCC)(C[N+](C)(C)C)C[N+](C)(C)C.[I-].[I-],gemini cationic,25.0,6.14874165128092,39.1,5.54e-06,0.3,32.9,6.27
CCCCCCCCCCCCOCC(CCC[N+](C)(C)C)(CCC[N+](C)(C)C)COCCCCCCCCCCCC.[I-].[I-],gemini cationic,25.0,4.55129368009492,33.0,2.37e-06,0.7,39.0,5.2
CCCCCCCCCCCCOCC(CC[N+](C)(C)C)(CC[N+](C)(C)C)COCCCCCCCCCCCC.[I-].[I-],gemini cationic,25.0,4.46980030179692,33.5,1.66e-06,1.0,38.5,5.3
CCCCCCCCCCCCOCC(COCCCCCCCCCCCC)(COCCC[N+](C)(C)C)COCCC[N+](C)(C)C.[I-].[I-],gemini cationic,25.0,4.65955588515988,34.3,1.38e-06,1.2,37.7,5.42
CCCCCCCCCCCCOCC(COCCCCCCCCCCCC)(COCC[N+](C)(C)C)COCC[N+](C)(C)C.[I-].[I-],gemini cationic,25.0,4.27327279097343,31.5,1.66e-06,1.0,40.5,5.42
CCCCCCCCCCCCOCC(COCCCCCCCCCCCC)(C[N+](C)(C)C)C[N+](C)(C)C.[I-].[I-],gemini cationic,25.0,5.66354026615147,40.8,4.15e-06,0.4,31.2,5.74
CCCCCCCCCCOCC(CC[N+](C)(C)C)(CC[N+](C)(C)C)COCCCCCCCCCC.[I-].[I-],gemini cationic,25.0,3.57675412606319,32.2,1.38e-06,1.2,39.8,4.46
CCCCCCCCCCOCC(COCCCCCCCCCC)(COCCC[N+](C)(C)C)COCCC[N+](C)(C)C.[I-].[I-],gemini cationic,25.0,3.77989191195995,35.2,1.11e-06,1.5,36.8,4.52
CCCCCCCCCCOCC(COCCCCCCCCCC)(COCC[N+](C)(C)C)COCC[N+](C)(C)C.[I-].[I-],gemini cationic,25.0,3.59516628338006,32.2,1.66e-06,1.0,39.8,4.57
CCCCCCCCCCOCC(COCCCCCCCCCC)(C[N+](C)(C)C)C[N+](C)(C)C.[I-].[I-],gemini cationic,25.0,3.68193666503724,39.6,1.04e-06,1.6,32.4,4.46
CCCCCCCCOCC(CC[N+](C)(C)C)(CC[N+](C)(C)C)COCCCCCCCC.[I-].[I-],gemini cationic,25.0,2.92445303860747,32.2,1.19e-06,1.4,39.8,3.64
CCCCCCCCOCC(COCCCCCCCC)(COCCC[N+](C)(C)C)COCCC[N+](C)(C)C.[I-].[I-],gemini cationic,25.0,2.92445303860747,36.7,1.04e-06,1.6,35.3,3.71
CCCCCCCCOCC(COCCCCCCCC)(COCC[N+](C)(C)C)COCC[N+](C)(C)C.[I-].[I-],gemini cationic,25.0,2.70114692359029,31.4,1.66e-06,1.0,40.6,3.63
CCCCCCCCOCC(COCCCCCCCC)(C[N+](C)(C)C)C[N+](C)(C)C.[I-].[I-],gemini cationic,25.0,2.71669877129645,40.9,1.11e-06,1.5,31.1,3.37
CCCCCCCCCCCCCC(=O)OCC[N+](C)(CCO)CCCCCCCCCCCC[N+](C)(CCO)CCOC(=O)CCCCCCCCCCCCC.[Br-].[Br-],gemini cationic,25.0,3.42021640338319,43.0,6.4e-07,2.59,29.0,5.2
CCCCCCCCCCCCCC(=O)OCC[N+](C)(CCO)CCCCCC[N+](C)(CCO)CCOC(=O)CCCCCCCCCCCCC.[Br-].[Br-],gemini cationic,25.0,3.41005039867429,40.0,3.78e-07,4.38,32.0,5.1
CCCCCCCCCCCCCC(=O)OCC[N+](C)(CCO)CC[N+](C)(CCO)CCOC(=O)CCCCCCCCCCCCC.[Br-].[Br-],gemini cationic,25.0,2.85078088734462,41.0,8.15e-07,2.03,31.0,4.7
CCCCCCCCCCCCCCCC[N+](C)(C)CC(=O)NCCNC(=O)C[N+](C)(C)CCCCCCCCCCCCCCCC.[Cl-].[Cl-],gemini cationic,29.85,4.3212995650017,50.0,1.57e-06,1.63,21.18,4.43
CCCCCCCCCCCCCCCC[N+](C)(C)CC(=O)OCCOC(=O)C[N+](C)(C)CCCCCCCCCCCCCCCC.[Cl-].[Cl-],gemini cationic,29.85,5.37161106994969,44.8,9.45e-07,1.42,26.38,5.6
CCCCCCCCCCCCCC[N+](C)(C)CC(=O)NCCNC(=O)C[N+](C)(C)CCCCCCCCCCCCCC.[Cl-].[Cl-],gemini cationic,29.85,3.79615153625377,46.1,8.03e-07,3.1,25.08,4.22
CCCCCCCCCCCCCC[N+](C)(C)CC(=O)OCCOC(=O)C[N+](C)(C)CCCCCCCCCCCCCC.[Cl-].[Cl-],gemini cationic,29.85,3.95039438740503,44.7,9.95e-07,2.61,26.48,4.37
CCCCCCCCCCCCCC[N+](C)(C)CC[N+](C)(C)CCCCCCCCCCCCCC.[Br-].[Br-],gemini cationic,29.85,3.82246350007014,41.0,1.69e-06,1.47,30.18,4.27
CCCCCCCCCCCC[N+](C)(C)CC(=O)NCCNC(=O)C[N+](C)(C)CCCCCCCCCCCC.[Cl-].[Cl-],gemini cationic,29.85,3.04248848854552,42.79,1.68e-06,1.48,28.39,3.47
CCCCCCCCCCCC[N+](C)(C)CC(=O)OCCOC(=O)C[N+](C)(C)CCCCCCCCCCCC.[Cl-].[Cl-],gemini cationic,29.85,3.10264786565569,40.4,2.78e-06,0.9,30.78,3.35
CCCCCCCCCCCCCCCC[N+](C)(C)CC(=O)OCCCOC(=O)C[N+](C)(C)CCCCCCCCCCCCCCCC.[Cl-].[Cl-],gemini cationic,25.0,4.2518119729938,43.2,1.06e-06,1.57,28.75,4.44
CCCCCCCCCCCCCC[N+](C)(C)CC(=O)OCCCOC(=O)C[N+](C)(C)CCCCCCCCCCCCCC.[Cl-].[Cl-],gemini cationic,25.0,3.5704091977767,45.47,1.34e-06,1.24,26.52,3.55
CCCCCCCCCCCC[N+](C)(C)CC(=O)OCCCOC(=O)C[N+](C)(C)CCCCCCCCCCCC.[Cl-].[Cl-],gemini cationic,25.0,2.78277934435548,47.87,2.26e-06,0.74,24.12,3.01
CCCCCCCCCCCCCCCCOc1ccc(NC(=O)C[N+](C)(C)CCCCCC[N+](C)(C)CC(=O)Nc2ccc(OCCCCCCCCCCCCCCCC)cc2)cc1.[Br-].[Br-],gemini cationic,25.0,4.54060751224077,45.0,1.72e-06,0.97,27.0,4.87
CCCCCCCCCCCCCCCCOc1ccc(NC(=O)C[N+](C)(C)CCCC[N+](C)(C)CC(=O)Nc2ccc(OCCCCCCCCCCCCCCCC)cc2)cc1.[Br-].[Br-],gemini cationic,25.0,5.04575749056068,48.0,1.24e-06,1.34,24.0,5.49
CCCCCCCCCCCCCCCCOc1ccc(NC(=O)C[N+](C)(C)CC[N+](C)(C)CC(=O)Nc2ccc(OCCCCCCCCCCCCCCCC)cc2)cc1.[Br-].[Br-],gemini cationic,25.0,4.85387196432176,46.0,8.7e-07,1.91,26.0,5.35
CCCCCCCCCCCCCCOc1ccc(NC(=O)C[N+](C)(C)CCCCCC[N+](C)(C)CC(=O)Nc2ccc(OCCCCCCCCCCCCCC)cc2)cc1.[Br-].[Br-],gemini cationic,25.0,4.60205999132796,51.1,1.81e-06,0.92,20.9,4.86
CCCCCCCCCCCCCCOc1ccc(NC(=O)C[N+](C)(C)CCCC[N+](C)(C)CC(=O)Nc2ccc(OCCCCCCCCCCCCCC)cc2)cc1.[Br-].[Br-],gemini cationic,25.0,4.92811799269388,46.0,1.96e-06,0.84,26.0,4.97
CCCCCCCCCCCCCCOc1ccc(NC(=O)C[N+](C)(C)CC[N+](C)(C)CC(=O)Nc2ccc(OCCCCCCCCCCCCCC)cc2)cc1.[Br-].[Br-],gemini cationic,25.0,4.68193666503724,47.0,2.36e-06,0.7,25.0,4.8
CCCCCCCCCCCCOc1ccc(NC(=O)C[N+](C)(C)CCCCCC[N+](C)(C)CC(=O)Nc2ccc(OCCCCCCCCCCCC)cc2)cc1.[Br-].[Br-],gemini cationic,25.0,4.98296666070122,49.0,2.01e-06,0.83,23.0,5.06
CCCCCCCCCCCCOc1ccc(NC(=O)C[N+](C)(C)CCCC[N+](C)(C)CC(=O)Nc2ccc(OCCCCCCCCCCCC)cc2)cc1.[Br-].[Br-],gemini cationic,25.0,4.84771165561694,44.8,1.65e-06,1.01,27.2,4.97
CCCCCCCCCCOc1ccc(NC(=O)C[N+](C)(C)CCCCCC[N+](C)(C)CC(=O)Nc2ccc(OCCCCCCCCCC)cc2)cc1.[Br-].[Br-],gemini cationic,25.0,4.96257350205938,45.0,1.22e-06,1.36,27.0,5.02
CCCCCCCCCCOc1ccc(NC(=O)C[N+](C)(C)CCCC[N+](C)(C)CC(=O)Nc2ccc(OCCCCCCCCCC)cc2)cc1.[Br-].[Br-],gemini cationic,25.0,4.68402965454308,41.6,1.06e-06,1.57,30.4,5.31
CCCCCCCCCCOc1ccc(NC(=O)C[N+](C)(C)CC[N+](C)(C)CC(=O)Nc2ccc(OCCCCCCCCCC)cc2)cc1.[Br-].[Br-],gemini cationic,25.0,4.39040559077478,33.1,1.13e-06,1.47,38.9,5.53
CCCCCCCCOc1ccc(NC(=O)C[N+](C)(C)CCCC[N+](C)(C)CC(=O)Nc2ccc(OCCCCCCCC)cc2)cc1.[Br-].[Br-],gemini cationic,25.0,3.68193666503724,32.0,1.14e-06,1.46,40.0,4.67
CCCCCCCCOc1ccc(NC(=O)C[N+](C)(C)CC[N+](C)(C)CC(=O)Nc2ccc(OCCCCCCCC)cc2)cc1.[Br-].[Br-],gemini cationic,25.0,3.60032627851896,30.4,1.11e-06,1.49,41.6,4.6
CCCCCCCCCCCCCCCCCC[n+]1cccc(COC(=O)CC(O)(CC(=O)OCc2ccc[n+](CCCCCCCCCCCCCCCCCC)c2)C(=O)OCc2ccc[n+](CCCCCCCCCCCCCCCCCC)c2)c1.[Br-].[Br-].[Br-],gemini cationic,25.0,4.02227639471115,27.5,9.38e-07,1.77,44.8,6.62
CCCCCCCCCCCC[n+]1cccc(COC(=O)CC(O)(CC(=O)OCc2ccc[n+](CCCCCCCCCCCC)c2)C(=O)OCc2ccc[n+](CCCCCCCCCCCC)c2)c1.[Br-].[Br-].[Br-],gemini cationic,25.0,3.67985371388895,30.1,8.59e-07,1.93,42.2,6.25
CCCCCC[n+]1cccc(COC(=O)CC(O)(CC(=O)OCc2ccc[n+](CCCCCC)c2)C(=O)OCc2ccc[n+](CCCCCC)c2)c1.[Br-].[Br-].[Br-],gemini cationic,25.0,3.18976748200492,32.5,7.01e-07,2.37,39.8,6.06
CCCCCCCCCCCCCCCC[N+]1(Cc2ccc(-c3ccc(C[N+]4(CCCCCCCCCCCCCCCC)CCOCC4)cc3)cc2)CCOCC1.[Cl-].[Cl-],gemini cationic,25.0,4.34103515733557,36.0,6.9e-07,2.44,36.0,5.7
CCCCCCCCCCCCCCCC[N+]1(Cc2ccc(C[N+]3(CCCCCCCCCCCCCCCC)CCOCC3)cc2)CCOCC1.[Cl-].[Cl-],gemini cationic,25.0,4.29242982390206,49.1,4.9e-07,1.77,22.9,4.49
CCCCCCCCCCCCCC[N+]1(Cc2ccc(C[N+]3(CCCCCCCCCCCCCC)CCOCC3)cc2)CCOCC1.[Cl-].[Cl-],gemini cationic,25.0,3.76700388960785,42.5,1.29e-06,1.29,29.5,4.18
CCCCCCCCCCCC[N+]1(Cc2ccc(-c3ccc(C[N+]4(CCCCCCCCCCCC)CCOCC4)cc3)cc2)CCOCC1.[Cl-].[Cl-],gemini cationic,25.0,3.26121944151563,35.4,9.9e-07,1.68,36.6,4.29
CCCCCCCCCCCC[N+]1(Cc2ccc(C[N+]3(CCCCCCCCCCCC)CCOCC3)cc2)CCOCC1.[Cl-].[Cl-],gemini cationic,25.0,2.94615357314775,38.2,1.31e-06,1.26,33.8,3.3
CCCCCCCCCC[N+]1(Cc2ccc(-c3ccc(C[N+]4(CCCCCCCCCC)CCOCC4)cc3)cc2)CCOCC1.[Cl-].[Cl-],gemini cationic,25.0,2.54378584464201,36.0,1.32e-06,1.26,36.0,3.37
CCCCCCCCCC[N+]1(Cc2ccc(C[N+]3(CCCCCCCCCC)CCOCC3)cc2)CCOCC1.[Cl-].[Cl-],gemini cationic,25.0,2.18795610206977,39.9,1.63e-06,1.02,32.1,2.56
CCCCCCCCCCC(O)Cn1cc[n+](CCCCCCCC[n+]2ccn(CC(O)CCCCCCCCCC)c2)c1.[Br-].[Br-],gemini cationic,25.0,2.94309514866353,37.6,1.9e-06,0.87,34.37,3.58004425151024
CCCCCCCCCCC(O)Cn1cc[n+](CCCCCC[n+]2ccn(CC(O)CCCCCCCCCC)c2)c1.[Br-].[Br-],gemini cationic,25.0,2.97061622231479,35.2,3.52e-06,0.55,36.77,3.44009337496389
CCCCCCCCCCC(O)Cn1cc[n+](CCCCC[n+]2ccn(CC(O)CCCCCCCCCC)c2)c1.[Br-].[Br-],gemini cationic,25.0,2.99139982823808,32.9,3.29e-06,0.72,39.07,3.72124639904717
CCCCCCCCCCC(O)Cn1cc[n+](CCCC[n+]2ccn(CC(O)CCCCCCCCCC)c2)c1.[Br-].[Br-],gemini cationic,25.0,3.11918640771921,28.1,2.81e-06,0.71,43.87,4.11350927482752
CCCCCCCCCCC(O)Cn1cc[n+](CCC[n+]2ccn(CC(O)CCCCCCCCCC)c2)c1.[Br-].[Br-],gemini cationic,25.0,3.14266750356873,30.0,2.53e-06,0.65,41.97,3.9100948885606
CCCCCCCCCCCCCC[N+](CC)(CC)CC(=O)NCCNC(=O)C[N+](CC)(CC)CCCCCCCCCCCCCC.[Cl-].[Cl-],gemini cationic,25.0,3.72124639904717,47.2,6.3e-07,2.62,24.8,4.17
CCCCCCCCCCCC[N+](CC)(CC)CC(=O)NCCNC(=O)C[N+](CC)(CC)CCCCCCCCCCCC.[Cl-].[Cl-],gemini cationic,25.0,2.97881070093006,46.1,8.4e-07,1.98,25.9,3.4
CCCCCCCCCC[N+](CC)(CC)CC(=O)NCCNC(=O)C[N+](CC)(CC)CCCCCCCCCC.[Cl-].[Cl-],gemini cationic,25.0,2.17263072694617,45.6,9e-07,1.85,26.4,2.6
CCCCCCCCCCCCCC[N+](C)(C)CCN(CC[N+](C)(C)CCCCCCCCCCCCCC)CC[N+](C)(C)CCCCCCCCCCCCCC.[Br-].[Br-].[Br-],gemini cationic,25.0,5.1890957193313,32.1,9.7e-07,1.7,39.9,6.0874722836821
CCCCCCCCCCCC[N+](C)(C)CCN(CC[N+](C)(C)CCCCCCCCCCCC)CC[N+](C)(C)CCCCCCCCCCCC.[Br-].[Br-].[Br-],gemini cationic,25.0,3.85698519974591,32.3,8.2e-07,2.03,39.7,4.90901840039424
CCCCCCCCCC[N+](C)(C)CCN(CC[N+](C)(C)CCCCCCCCCC)CC[N+](C)(C)CCCCCCCCCC.[Br-].[Br-].[Br-],gemini cationic,25.0,2.93181413825384,33.4,8.83e-07,1.88,38.6,3.85423541644645
CCCCCCCCCCCCCCOc1ccc[n+](CC(O)C[n+]2cccc(OCCCCCCCCCCCCCC)c2)c1,gemini cationic,25.0,4.58502665202918,47.8,5.5e-07,3.0,24.2,3.76955107862173
CCCCCCCCCCCCOc1ccc[n+](CC(O)C[n+]2cccc(OCCCCCCCCCCCC)c2)c1,gemini cationic,25.0,3.85387196432176,33.64,7.6e-07,2.1,38.36,3.67778070526608
CCCCCCCCCCOc1ccc[n+](CC(O)C[n+]2cccc(OCCCCCCCCCC)c2)c1,gemini cationic,25.0,3.0,26.2,8.3e-07,1.98,45.8,2.87289520163519
CCCCCCCCCCCCCCCCCC[N+](C)(C)CCOCC[N+](C)(C)CCCCCCCCCCCCCCCCCC.[Br-].[Br-],gemini cationic,25.0,5.85387196432176,40.0,2e-06,2.5,32.0,6.26
CCCCCCCCCCCCCCCC[N+](C)(C)CCOCC[N+](C)(C)CCCCCCCCCCCCCCCC.[Br-].[Br-],gemini cationic,25.0,5.18045606445813,37.0,1.6e-06,3.5,35.0,5.72
CCCCCCCCCCCCCC[N+](C)(C)CCOCC[N+](C)(C)CCCCCCCCCCCCCC.[Br-].[Br-],gemini cationic,25.0,4.23657200643706,39.0,1.1e-06,1.56,33.0,4.88
CCCCCCCCCCCC[N+](C)(C)CCOCC[N+](C)(C)CCCCCCCCCCCC.[Br-].[Br-],gemini cationic,25.0,3.2839966563652,40.0,9.7e-07,5.2,32.0,4.0
CCCCCCCCCCCC[N+]1(CC(=O)OCCOC(=O)C[N+]2(CCCCCCCCCCCC)CCCC2)CCCC1.[Br-].[Br-],gemini cationic,25.0,3.17392519729917,40.0,1.39e-06,1.19,32.0,3.65
CCCCCCCCCCCC[N+]1(CC(=O)OCCOC(=O)C[N+]2(CCCCCCCCCCCC)CCCCC2)CCCCC1.[Br-].[Br-],gemini cationic,25.0,3.2518119729938,41.6,1.48e-06,1.12,30.4,3.68
CCCCCCCCCCCC[N+]1(CC(=O)OCCOC(=O)C[N+]2(CCCCCCCCCCCC)CCOCC2)CCOCC1.[Br-].[Br-],gemini cationic,25.0,3.10237290870956,41.1,1.46e-06,1.14,30.9,3.52
CCCCCCCCCCCCCCCC[N+](C)(C)CC(O)COc1ccc(OCC(O)C[N+](C)(C)CCCCCCCCCCCCCCCC)cc1.[Cl-].[Cl-],gemini cationic,25.0,5.22184874961636,43.3,9.9e-07,1.68,28.7,5.75
CCCCCCCCCCCCCC[N+](C)(C)CC(O)COc1ccc(OCC(O)C[N+](C)(C)CCCCCCCCCCCCCC)cc1.[Cl-].[Cl-],gemini cationic,25.0,4.0,41.1,1.07e-06,1.55,30.9,4.59
CCCCCCCCCCCC[N+](C)(C)CC(O)COc1ccc(OCC(O)C[N+](C)(C)CCCCCCCCCCCC)cc1.[Cl-].[Cl-],gemini cationic,25.0,3.22184874961636,40.2,1.14e-06,1.46,31.8,3.83
CCCCCCCCCCCCCCCCOC(=O)C[N+](CC)(CC)c1ccc(C=NCCN=Cc2ccc([N+](CC)(CC)CC(=O)OCCCCCCCCCCCCCCCC)cc2)cc1.[Cl-].[Cl-],gemini cationic,25.0,2.18976748200492,42.1,7.3e-07,2.266,29.7,3.34008379993015
CCCCCCCCCCCCOC(=O)C[N+](CC)(CC)c1ccc(C=NCCN=Cc2ccc([N+](CC)(CC)CC(=O)OCCCCCCCCCCCC)cc2)cc1.[Cl-].[Cl-],gemini cationic,25.0,2.61083391563547,33.6,1.18e-06,1.408,38.2,3.93930215964639
CCCCCCCCCCOC(=O)C[N+](CC)(CC)c1ccc(C=NCCN=Cc2ccc([N+](CC)(CC)CC(=O)OCCCCCCCCCC)cc2)cc1.[Cl-].[Cl-],gemini cationic,25.0,2.54975089168064,37.6,1.05e-06,1.582,34.25,3.73048705578208
CCCCCCCCCCCC(=O)Oc1cccc2ccc[n+](CCCCCCCCCC[n+]3cccc4cccc(OC(=O)CCCCCCCCCCC)c43)c12.[Br-].[Br-],gemini cationic,25.0,2.0,43.0,3.67e-07,4.52,29.0,3.52287874528034
CCCCCCCCCCCC(=O)Oc1cccc2ccc[n+](CCCCCC[n+]3cccc4cccc(OC(=O)CCCCCCCCCCC)c43)c12.[Br-].[Br-],gemini cationic,25.0,1.69897000433602,41.0,3.88e-07,4.28,31.0,3.49485002168009
CCCCCCCCCCCCCC(=O)Oc1cccc2ccc[n+](CCCCCCCCCC[n+]3cccc4cccc(OC(=O)CCCCCCCCCCCCC)c43)c12.[Br-].[Br-],gemini cationic,25.0,2.2518119729938,45.0,4.01e-07,4.14,27.0,3.26760624017703
CCCCCCCCCCCCCC(=O)Oc1cccc2ccc[n+](CCCCCC[n+]3cccc4cccc(OC(=O)CCCCCCCCCCCCC)c43)c12.[Br-].[Br-],gemini cationic,25.0,1.79588001734408,43.0,4.4e-07,3.77,29.0,3.83863199776503
CCCCCCCCCCCCCCCC(=O)Oc1cccc2ccc[n+](CCCCCC[n+]3cccc4cccc(OC(=O)CCCCCCCCCCCCCCC)c43)c12.[Br-].[Br-],gemini cationic,25.0,2.0,44.0,4.61e-07,3.6,28.0,3.26760624017703
CCCCCCCCCCCCCCCCCC(=O)Oc1cccc2ccc[n+](CCCCCCCCCC[n+]3cccc4cccc(OC(=O)CCCCCCCCCCCCCCCCC)c43)c12.[Br-].[Br-],gemini cationic,25.0,3.69897000433602,50.0,4.49e-07,3.7,22.0,4.0
CCCCCCCCCCCCCCCCCC(=O)Oc1cccc2ccc[n+](CCCCCC[n+]3cccc4cccc(OC(=O)CCCCCCCCCCCCCCCCC)c43)c12.[Br-].[Br-],gemini cationic,25.0,2.0,46.0,5.13e-07,3.24,26.0,2.65757731917779
CCCCCCCCCCCCCCCCCC[N+](C)(C)CC(O)CN1CCN(CC(O)C[N+](C)(C)CCCCCCCCCCCCCCCCCC)CC1.[Cl-].[Cl-],gemini cationic,25.0,3.40120949323689,40.9,1.207e-06,1.38,31.1,4.994
CCCCCCCCCCCCCCCC[N+](C)(C)CC(O)CN1CCN(CC(O)C[N+](C)(C)CCCCCCCCCCCCCCCC)CC1.[Cl-].[Cl-],gemini cationic,25.0,3.39469495385889,36.5,1.789e-06,0.93,35.5,5.218
CCCCCCCCCCCC[N+](C)(C)CC(O)CN1CCN(CC(O)C[N+](C)(C)CCCCCCCCCCCC)CC1.[Cl-].[Cl-],gemini cationic,25.0,2.99869906697958,37.6,1.742e-06,0.95,34.37,3.934
CCCCCCCCCCCCCCCC[N+]1(C)CC[N+](C)(CCCCCCCCCCCCCCCC)CC1.[Br-].[Br-],gemini cationic,25.0,2.61978875828839,38.0,7.76e-07,2.1,34.0,4.89
CCCCCCCCCCCCCC[N+]1(C)CC[N+](C)(CCCCCCCCCCCCCC)CC1.[Br-].[Br-],gemini cationic,25.0,3.79588001734408,35.0,4.9e-07,3.4,37.0,6.55
CCCCCCCCCCCC[N+]1(C)CC[N+](C)(CCCCCCCCCCCC)CC1.[Br-].[Br-],gemini cationic,25.0,2.69897000433602,36.0,5.58e-07,3.0,36.0,4.85
CCCCCCCCCCCCCCCCn1cc[n+](COCCCCCCOC[n+]2ccn(CCCCCCCCCCCCCCCC)c2)c1.[Cl-].[Cl-],gemini cationic,25.0,3.65000000000007,26.4,1.77e-06,1.01,45.6,4.49446665894296
CCCCCCCCCCCCCCCCn1cc[n+](COCCCCCOC[n+]2ccn(CCCCCCCCCCCCCCCC)c2)c1.[Cl-].[Cl-],gemini cationic,25.0,3.61000000000001,29.6,2.08e-06,0.88,42.4,4.23878256636433
CCCCCCCCCCCCCCCCn1cc[n+](COCCCCOC[n+]2ccn(CCCCCCCCCCCCCCCC)c2)c1.[Cl-].[Cl-],gemini cationic,25.0,3.58000000000006,31.5,2.11e-06,0.86,40.5,4.14726660100241
CCCCCCCCCCCCCCCCn1cc[n+](COCCCOC[n+]2ccn(CCCCCCCCCCCCCCCC)c2)c1.[Cl-].[Cl-],gemini cationic,25.0,3.55000000000007,32.8,2.14e-06,0.84,39.2,4.07384555595647
CCCCCCCCCCCCCCCCn1cc[n+](COCCOC[n+]2ccn(CCCCCCCCCCCCCCCC)c2)c1.[Cl-].[Cl-],gemini cationic,25.0,3.52,33.9,2.17e-06,0.82,38.1,4.0070063787542
CCCCCCCCCCCCCCn1cc[n+](COCCCCCCOC[n+]2ccn(CCCCCCCCCCCCCC)c2)c1.[Cl-].[Cl-],gemini cationic,25.0,3.47,28.3,1.9e-06,0.95,43.7,4.19830040863478
CCCCCCCCCCCCCCn1cc[n+](COCCCCCOC[n+]2ccn(CCCCCCCCCCCCCC)c2)c1.[Cl-].[Cl-],gemini cationic,25.0,3.43000000000009,33.9,2.16e-06,0.84,38.1,3.91926103791519
CCCCCCCCCCCCCCn1cc[n+](COCCCCOC[n+]2ccn(CCCCCCCCCCCCCC)c2)c1.[Cl-].[Cl-],gemini cationic,25.0,3.40000000000011,35.2,2.19e-06,0.82,36.77,3.84789991028703
CCCCCCCCCCCCn1cc[n+](COCCCCCCOC[n+]2ccn(CCCCCCCCCCCC)c2)c1.[Cl-].[Cl-],gemini cationic,25.0,3.29000000000006,30.3,2.03e-06,0.89,41.7,3.91413638976563
CCCCCCCCCCCCn1cc[n+](COCCCCOC[n+]2ccn(CCCCCCCCCCCC)c2)c1.[Cl-].[Cl-],gemini cationic,25.0,3.22000000000004,39.2,2.27e-06,0.78,32.8,3.54923039346456
CCCCCCCCCCCCn1cc[n+](COCCCOC[n+]2ccn(CCCCCCCCCCCC)c2)c1.[Cl-].[Cl-],gemini cationic,25.0,3.18000000000006,40.3,2.3e-06,0.76,31.7,3.47701188926719
CCCCCCCCCCCCn1cc[n+](COCCOC[n+]2ccn(CCCCCCCCCCCC)c2)c1.[Cl-].[Cl-],gemini cationic,25.0,3.15000000000002,41.4,2.33e-06,0.74,30.6,3.41562304612205
CCCCCCCCCCCn1cc[n+](COCCCCCCOC[n+]2ccn(CCCCCCCCCCC)c2)c1.[Cl-].[Cl-],gemini cationic,25.0,3.20000000000006,31.2,2.09e-06,0.86,40.77,3.78107589181454
CCCCCCCCCCCn1cc[n+](COCCCCCOC[n+]2ccn(CCCCCCCCCCC)c2)c1.[Cl-].[Cl-],gemini cationic,25.0,3.16000000000002,40.1,2.28e-06,0.78,31.9,3.46473891922484
CCCCCCCCCCCn1cc[n+](COCCCCOC[n+]2ccn(CCCCCCCCCCC)c2)c1.[Cl-].[Cl-],gemini cationic,25.0,3.13000000000001,41.2,2.31e-06,0.76,30.8,3.4029779601656
CCCCCCCCCCCn1cc[n+](COCCCOC[n+]2ccn(CCCCCCCCCCC)c2)c1.[Cl-].[Cl-],gemini cationic,25.0,3.07000000000004,42.4,2.34e-06,0.74,29.6,3.30953621575788
CCCCCCCCCCn1cc[n+](COCCCCCCOC[n+]2ccn(CCCCCCCCCC)c2)c1.[Cl-].[Cl-],gemini cationic,25.0,3.07000000000004,32.2,2.15e-06,0.83,39.8,3.6077030982797
CCCCCCCCCCn1cc[n+](COCCCCCOC[n+]2ccn(CCCCCCCCCC)c2)c1.[Cl-].[Cl-],gemini cationic,25.0,3.07000000000004,41.9,2.32e-06,0.76,30.1,3.32418457809005
CCCCCCCCCCn1cc[n+](COCCCCOC[n+]2ccn(CCCCCCCCCC)c2)c1.[Cl-].[Cl-],gemini cationic,25.0,3.0,43.0,2.35e-06,0.74,28.97,3.22360960566756
CCCCCCCCCCn1cc[n+](COCCCOC[n+]2ccn(CCCCCCCCCC)c2)c1.[Cl-].[Cl-],gemini cationic,25.0,2.95000000000002,44.2,2.38e-06,0.72,27.8,3.14135219756708
CCCCCCCCCCn1cc[n+](COCCOC[n+]2ccn(CCCCCCCCCC)c2)c1.[Cl-].[Cl-],gemini cationic,25.0,2.92000000000001,45.3,2.41e-06,0.7,26.67,3.08232057359317
CCCCCCCCCn1cc[n+](COCCCCCCOC[n+]2ccn(CCCCCCCCC)c2)c1.[Cl-].[Cl-],gemini cationic,25.0,2.95000000000002,33.3,2.22e-06,0.8,38.7,3.44181802407714
CCCCCCCCCn1cc[n+](COCCCCCOC[n+]2ccn(CCCCCCCCC)c2)c1.[Cl-].[Cl-],gemini cationic,25.0,2.91000000000003,44.0,2.36e-06,0.74,27.97,3.10792187318977
CCCCCCCCCn1cc[n+](COCCCCOC[n+]2ccn(CCCCCCCCC)c2)c1.[Cl-].[Cl-],gemini cationic,25.0,2.88,45.2,2.39e-06,0.72,26.8,3.0461218734806
CCCCCCCCCn1cc[n+](COCCCOC[n+]2ccn(CCCCCCCCC)c2)c1.[Cl-].[Cl-],gemini cationic,25.0,2.84000000000001,46.4,2.42e-06,0.7,25.6,2.97511030351631
CCCCCCCCCn1cc[n+](COCCOC[n+]2ccn(CCCCCCCCC)c2)c1.[Cl-].[Cl-],gemini cationic,25.0,2.81000000000002,47.5,2.45e-06,0.68,24.5,2.91724134149365
CCCCCCCCn1cc[n+](COCCCCCCOC[n+]2ccn(CCCCCCCC)c2)c1.[Cl-].[Cl-],gemini cationic,25.0,2.87000000000002,34.2,2.28e-06,0.77,37.8,3.32582796321025
CCCCCCCCn1cc[n+](COCCCCCOC[n+]2ccn(CCCCCCCC)c2)c1.[Cl-].[Cl-],gemini cationic,25.0,2.83,45.6,2.4e-06,0.72,26.4,2.9856985402426
CCCCCCCCn1cc[n+](COCCCOC[n+]2ccn(CCCCCCCC)c2)c1.[Cl-].[Cl-],gemini cationic,25.0,2.75000000000001,47.9,2.46e-06,0.68,24.1,2.84731158765163
CCCCCCCCn1cc[n+](COCCOC[n+]2ccn(CCCCCCCC)c2)c1.[Cl-].[Cl-],gemini cationic,25.0,2.72000000000001,48.9,2.49e-06,0.66,23.1,2.79269058354701
CCCCCCCn1cc[n+](COCCCCCCOC[n+]2ccn(CCCCCCC)c2)c1.[Cl-].[Cl-],gemini cationic,25.0,2.79000000000001,35.1,2.34e-06,0.74,36.9,3.21168354649037
CCCCCCCn1cc[n+](COCCCCOC[n+]2ccn(CCCCCCC)c2)c1.[Cl-].[Cl-],gemini cationic,25.0,2.71000000000001,48.9,2.47e-06,0.68,23.1,2.78327917126803
CCCCCCCn1cc[n+](COCCCOC[n+]2ccn(CCCCCCC)c2)c1.[Cl-].[Cl-],gemini cationic,25.0,2.68000000000001,50.1,2.59e-06,0.66,21.9,2.72283212738335
CCCCCCCn1cc[n+](COCCOC[n+]2ccn(CCCCCCC)c2)c1.[Cl-].[Cl-],gemini cationic,25.0,2.65000000000001,51.2,2.53e-06,0.64,20.8,2.66846227749913
CCCCCCn1cc[n+](COCCCCCCOC[n+]2ccn(CCCCCC)c2)c1.[Cl-].[Cl-],gemini cationic,25.0,2.71000000000001,36.3,2.41e-06,0.71,35.7,3.09036313513623
CCCCCCn1cc[n+](COCCCCCOC[n+]2ccn(CCCCCC)c2)c1.[Cl-].[Cl-],gemini cationic,25.0,2.67000000000001,50.1,2.48e-06,0.68,21.9,2.71473193948503
CCCCCCn1cc[n+](COCCCCOC[n+]2ccn(CCCCCC)c2)c1.[Cl-].[Cl-],gemini cationic,25.0,2.64000000000001,51.1,2.51e-06,0.66,20.9,2.66093556069
CCCCCCn1cc[n+](COCCCOC[n+]2ccn(CCCCCC)c2)c1.[Cl-].[Cl-],gemini cationic,25.0,2.61000000000001,52.3,2.54e-06,0.64,19.7,2.60310390323729
CCCCCCn1cc[n+](COCCOC[n+]2ccn(CCCCCC)c2)c1.[Cl-].[Cl-],gemini cationic,25.0,2.58000000000001,53.4,2.57e-06,0.62,19.9,2.54819387796602
CCCCCn1cc[n+](COCCCCCCOC[n+]2ccn(CCCCC)c2)c1.[Cl-].[Cl-],gemini cationic,25.0,2.62000000000002,37.6,2.47e-06,0.68,34.4,2.96039356976116
CCCCCn1cc[n+](COCCCCCOC[n+]2ccn(CCCCC)c2)c1.[Cl-].[Cl-],gemini cationic,25.0,2.58000000000001,52.1,2.52e-06,0.66,18.6,2.57768305743688
CCCCCn1cc[n+](COCCCOC[n+]2ccn(CCCCC)c2)c1.[Cl-].[Cl-],gemini cationic,25.0,2.52,54.4,2.58e-06,0.62,17.6,2.46568655572933
CCCCn1cc[n+](COCCCCCOC[n+]2ccn(CCCC)c2)c1.[Cl-].[Cl-],gemini cationic,25.0,2.49000000000001,53.9,2.56e-06,0.64,16.5,2.4466659336239
CCCCn1cc[n+](COCCCCOC[n+]2ccn(CCCC)c2)c1.[Cl-].[Cl-],gemini cationic,25.0,2.45000000000001,55.1,2.59e-06,0.62,16.87,2.38011600269035
CCCCn1cc[n+](COCCCOC[n+]2ccn(CCCC)c2)c1.[Cl-].[Cl-],gemini cationic,25.0,2.44,56.3,2.62e-06,0.6,15.7,2.3441740854423
CCCCn1cc[n+](COCCOC[n+]2ccn(CCCC)c2)c1.[Cl-].[Cl-],gemini cationic,25.0,2.41,57.4,2.65e-06,0.58,14.6,2.29102281358821
CCCn1cc[n+](COCCCCCCOC[n+]2ccn(CCC)c2)c1.[Cl-].[Cl-],gemini cationic,25.0,2.45000000000001,42.6,2.59e-06,0.62,16.9,2.66190631442284
CCCn1cc[n+](COCCCCOC[n+]2ccn(CCC)c2)c1.[Cl-].[Cl-],gemini cationic,25.0,2.39,56.6,2.63e-06,0.6,15.4,2.2878783338713
CCCn1cc[n+](COCCCOC[n+]2ccn(CCC)c2)c1.[Cl-].[Cl-],gemini cationic,25.0,2.32000000000001,57.8,2.66e-06,0.58,14.2,2.19269010337307
CCCn1cc[n+](COCCOC[n+]2ccn(CCC)c2)c1.[Cl-].[Cl-],gemini cationic,25.0,2.38000000000001,59.8,2.69e-06,0.56,12.2,2.21069954267302
CCn1cc[n+](COCCCCCCOC[n+]2ccn(CC)c2)c1.[Cl-].[Cl-],gemini cationic,25.0,2.37,44.8,2.66e-06,0.59,27.2,2.52803987167482
CCn1cc[n+](COCCCCCOC[n+]2ccn(CC)c2)c1.[Cl-].[Cl-],gemini cationic,25.0,2.33000000000001,56.6,2.64e-06,0.6,15.4,2.22826515836422
CCn1cc[n+](COCCCCOC[n+]2ccn(CC)c2)c1.[Cl-].[Cl-],gemini cationic,25.0,2.3,57.7,2.67e-06,0.58,14.3,2.1753536967159
CCn1cc[n+](COCCCOC[n+]2ccn(CC)c2)c1.[Cl-].[Cl-],gemini cationic,25.0,2.26,58.9,2.7e-06,0.56,13.1,2.11078889893418
CCn1cc[n+](COCCOC[n+]2ccn(CC)c2)c1.[Cl-].[Cl-],gemini cationic,25.0,2.23000000000001,60.1,2.71e-06,0.54,11.9,2.05548549225577
Cn1cc[n+](COCCCCCCOC[n+]2ccn(C)c2)c1.[Cl-].[Cl-],gemini cationic,25.0,2.29,47.1,2.73e-06,0.56,24.9,2.39479709439406
Cn1cc[n+](COCCCCOC[n+]2ccn(C)c2)c1.[Cl-].[Cl-],gemini cationic,25.0,2.22000000000001,59.6,2.71e-06,0.56,12.4,2.05625799273381
Cn1cc[n+](COCCCOC[n+]2ccn(C)c2)c1.[Cl-].[Cl-],gemini cationic,25.0,2.18,60.8,2.74e-06,0.54,11.2,1.99247986029177
Cn1cc[n+](COCCOC[n+]2ccn(C)c2)c1.[Cl-].[Cl-],gemini cationic,25.0,2.15000000000001,61.9,2.75e-06,0.52,10.1,1.9398069706725
CCCCCCCCCCCCC(C[N+](C)(C)C)C(CCCCCCCCCCCC)C[N+](C)(C)C.[Br-].[Br-],gemini cationic,25.0,3.13786862068696,35.3,1.88e-06,0.09,36.7,3.77
CCCCCCCCCCCC[N+](C)(C)CCCC[N+](C)(C)CCCCCCCCCCCC.[Br-].[Br-],gemini cationic,25.0,2.93218548883816,38.0,1.41e-06,0.94,34.0,3.59
CCCCCCCCCCCC[N+](C)(C)CC[N+](C)(C)CCCCCCCCCCCC.[Br-].[Br-],gemini cationic,25.0,3.09690000000005,31.5,2.1e-06,0.72,32.0,3.66686787053099
CCCCCCCCCC(=O)N[N+](C)(C)CCC[N+](C)(C)NC(=O)CCCCCCCCC.[Br-].[Br-],gemini cationic,25.0,2.45099673797421,33.2,1.78e-06,0.93,38.8,3.03
CCCCCCCCCCCC(=O)N[N+](C)(C)CCC[N+](C)(C)NC(=O)CCCCCCCCCCC.[Br-].[Br-],gemini cationic,25.0,2.63078414258986,34.0,2.02e-06,0.82,38.0,3.15
CCCCCCCCCCCCCC(=O)N[N+](C)(C)CCC[N+](C)(C)NC(=O)CCCCCCCCCCCCC.[Br-].[Br-],gemini cationic,25.0,2.85078088734462,37.5,2.16e-06,0.77,34.5,3.25
CCCCCCCCCCCCCCCC(=O)N[N+](C)(C)CCC[N+](C)(C)NC(=O)CCCCCCCCCCCCCCC.[Br-].[Br-],gemini cationic,25.0,2.90308998699194,38.2,2.31e-06,0.84,33.8,3.59
CCCCCCCCCCCCCCCC[N+](C)(C)CC(O)C[N+](C)(C)CCCCCCCCCCCCCCCC.[Cl-].[Cl-],gemini cationic,25.0,4.72124639904717,42.2,,,29.8,5.3
CCCCCCCCCCCCCCCC[N+](C)(C)CCC[N+](C)(C)CCCCCCCCCCCCCCCC.[Cl-].[Cl-],gemini cationic,25.0,4.82390874094432,42.0,,,30.0,5.4
CCCCCCCCCCCCCC[N+](C)(C)CC(O)C[N+](C)(C)CCCCCCCCCCCCCC.[Cl-].[Cl-],gemini cationic,25.0,3.85387196432176,39.0,,,33.0,4.4
CCCCCCCCCCCCCC[N+](C)(C)CCC[N+](C)(C)CCCCCCCCCCCCCC.[Cl-].[Cl-],gemini cationic,25.0,3.95860731484178,41.8,,,30.2,4.5
CCCCCCCCCCCC[N+](C)(C)CC(O)C[N+](C)(C)CCCCCCCCCCCC.[Cl-].[Cl-],gemini cationic,25.0,3.10790539730952,37.0,,,35.0,3.2
CCCCCCCCCC[N+](C)(C)CC(O)C[N+](C)(C)CCCCCCCCCC.[Cl-].[Cl-],gemini cationic,25.0,2.49485002168009,36.5,,,35.5,2.9
CCCCCCCCCCCCCC[n+]1cccc(NC(=O)Nc2ccc[n+](CCCCCCCCCCCCCC)c2)c1.[Br-].[Br-],gemini cationic,25.0,4.80966830182971,36.2,,,35.77,
CCCCCCCCCCCC[n+]1cccc(NC(=O)Nc2ccc[n+](CCCCCCCCCCCC)c2)c1.[Br-].[Br-],gemini cationic,25.0,3.77728352885242,30.7,,,41.3,
CCCCCCCCCC[n+]1cccc(NC(=O)Nc2ccc[n+](CCCCCCCCCC)c2)c1.[Br-].[Br-],gemini cationic,25.0,3.07262963696098,33.5,,,38.47,
CCCCCCCC[n+]1cccc(NC(=O)Nc2ccc[n+](CCCCCCCC)c2)c1.[Br-].[Br-],gemini cationic,25.0,1.86327943284359,39.8,,,32.17,
CCCCCCCCCCCCCCCCCC[N+](C)(C)CCCCCC[N+](C)(C)CCCCCC.[Br-].[Br-],gemini cationic,25.0,3.22910000000005,,,,,
CCCCCCCCCCCCCCCC[N+](C)(C)CC(O)CC(O)[N+](C)(C)CCCCCCCCCCCCCCCC.[Br-].[Br-],gemini cationic,25.0,4.301,,,,,
CCCCCCCCCCCCCCCC[N+](C)(C)CCCCCCCCCCCC[N+](C)(C)CCCCCCCCCCCCCCCC.[Br-].[Br-],gemini cationic,25.0,4.699,,,,,
CCCCCCCCCCCCCCCC[N+](C)(C)CCCCCCCCCC[N+](C)(C)CCCCCCCCCCCCCCCC.[Br-].[Br-],gemini cationic,25.0,4.5686,,,,,
CCCCCCCCCCCCCCCC[N+](C)(C)CCCCCCCC[N+](C)(C)CCCCCCCCCCCCCCCC.[Br-].[Br-],gemini cationic,25.0,4.4815,,,,,
CCCCCCCCCCCCCCCC[N+](C)(C)CCCCCC[N+](C)(C)CCCCCCCC.[Br-].[Br-],gemini cationic,25.0,3.12490000000004,,,,,
CCCCCCCCCCCCCCCC[N+](C)(C)CCCCNC[N+](C)(C)CCCCCCCCCCCCCCCC.[Br-].[Br-],gemini cationic,25.0,4.9208,,,,,
CCCCCCCCCCCCCCCC[N+](C)(C)CCCCO[N+](C)(C)CCCCCCCCCCCCCCCC.[Br-].[Br-],gemini cationic,25.0,3.19380000000005,,,,,
CCCCCCCCCCCCCCCC[N+](C)(C)CCC[N+](C)(C)CCCCCCCCCCCCCCCC.[Br-].[Br-],gemini cationic,25.0,4.6021,,,,,
CCCCCCCCCCCCCCC[N+](C)(C)CCCCNC[N+](C)(C)CCCCCCCCCCCCCCC.[Br-].[Br-],gemini cationic,25.0,4.3665,,,,,
CCCCCCCCCCCCCCC[N+]1(CCC#CCC[N+]2(CCCCCCCCCCCCCCC)CCCC2)CCCC1.[Br-].[Br-],gemini cationic,25.0,3.8861000000002,,,,,
CCCCCCCCCCCCCC[N+](C)(C)CC(O)CC(O)[N+](C)(C)CCCCCCCCCCCCCC.[Br-].[Br-],gemini cationic,25.0,4.0706,,,,,
CCCCCCCCCCCCCC[N+](C)(C)CCCCCC[N+](C)(C)CCCCCCCCCC.[Br-].[Br-],gemini cationic,25.0,3.07570000000004,,,,,
CCCCCCCCCCCCCC[N+](C)(C)CCCCCC[N+](C)(C)CCCCCCCCCCCCCC.[Br-].[Br-],gemini cationic,25.0,3.80130000000005,,,,,
CCCCCCCCCCCCCC[N+](C)(C)CCCCNC[N+](C)(C)CCCCCCCCCCCCCC.[Br-].[Br-],gemini cationic,25.0,3.9208000000001,,,,,
CCCCCCCCCCCCCC[N+](C)(C)CCCCO[N+](C)(C)CCCCCCCCCCCCCC.[Br-].[Br-],gemini cationic,25.0,3.72120000000005,,,,,
CCCCCCCCCCCCCC[N+](C)(C)CCCC[N+](C)(C)CCCCCCCCCCCCCC.[Br-].[Br-],gemini cationic,25.0,3.86970000000032,,,,,
CCCCCCCCCCCCC[N+](C)(C)CCCCCC[N+](C)(C)CCCCCCCCCCC.[Br-].[Br-],gemini cationic,25.0,3.05550000000001,,,,,
CCCCCCCCCCCCC[N+](C)(C)CCCCNC[N+](C)(C)CCCCCCCCCCCCC.[Br-].[Br-],gemini cationic,25.0,3.48150000000005,,,,,
CCCCCCCCCCCCC[N+](C)(C)CCCCO[N+](C)(C)CCCCCCCCCCCCC.[Br-].[Br-],gemini cationic,25.0,3.4202000000001,,,,,
CCCCCCCCCCCCC[N+]1(CCC#CCC[N+]2(CCCCCCCCCCCCC)CCCC2)CCCC1.[Br-].[Br-],gemini cationic,25.0,3.04100000000003,,,,,
CCCCCCCCCCCCC[N+]1(CCC#CCC[N+]2(CCCCCCCCCCCCC)CCCCC2)CCCCC1.[Br-].[Br-],gemini cationic,25.0,3.05060000000001,,,,,
CCCCCCCCCCCC[N+](C)(C)CC(O)CC(O)[N+](C)(C)CCCCCCCCCCCC.[Br-].[Br-],gemini cationic,25.0,3.15490000000006,,,,,
CCCCCCCCCCCC[N+](C)(C)CCCCCCCCCCCCCCCC[N+](C)(C)CCCCCCCCCCCC.[Br-].[Br-],gemini cationic,25.0,3.9208000000001,39.4,,,32.57,
CCCCCCCCCCCC[N+](C)(C)CCCCCCCCCCCCCC[N+](C)(C)CCCCCCCCCCCC.[Br-].[Br-],gemini cationic,25.0,3.69900000000016,39.5,,,32.47,
CCCCCCCCCCCC[N+](C)(C)CCCCCCCCCCCC[N+](C)(C)CCCCCCCCCCCC.[Br-].[Br-],gemini cationic,25.0,3.43180000000007,41.5,,,30.47,
CCCCCCCCCCCC[N+](C)(C)CCCCCCCCCC[N+](C)(C)CCCCCCCCCCCC.[Br-].[Br-],gemini cationic,25.0,3.20070000000004,43.0,,,28.97,
CCCCCCCCCCCC[N+](C)(C)CCCCCCCC[N+](C)(C)CCCCCCCCCCCC.[Br-].[Br-],gemini cationic,25.0,3.0809,42.8,,,29.17,
CCCCCCCCCCCC[N+](C)(C)CCCCNC[N+](C)(C)CCCCCCCCCCCC.[Br-].[Br-],gemini cationic,25.0,2.95860000000001,,,,,
CCCCCCCCCCCC[N+](C)(C)CCCCO[N+](C)(C)CCCCCCCCCCCC.[Br-].[Br-],gemini cationic,25.0,3.0,,,,,
CCCCCCCCCCCC[N+](C)(C)CCOCCOCCOCCOCC[N+](C)(C)CCCCCCCCCCCC.[Br-].[Br-],gemini cationic,25.0,3.04580000000003,,,,,
CCCCCCCCCCCC[N+](C)(C)CCOCCOCCOCC[N+](C)(C)CCCCCCCCCCCC.[Br-].[Br-],gemini cationic,25.0,3.06550000000003,,,,,
CCCCCCCCCCC[N+](C)(C)CCCCNC[N+](C)(C)CCCCCCCCCCC.[Br-].[Br-],gemini cationic,25.0,2.52290000000001,,,,,
CCCCCCCCCCC[N+](C)(C)CCCCO[N+](C)(C)CCCCCCCCCCC.[Br-].[Br-],gemini cationic,25.0,2.58500000000001,,,,,
CCCCCCCCCCC[N+]1(CCC#CCC[N+]2(CCCCCCCCCCC)CCCC2)CCCC1.[Br-].[Br-],gemini cationic,25.0,2.27570000000001,,,,,
CCCCCCCCCCC[N+]1(CCC#CCC[N+]2(CCCCCCCCCCC)CCCCC2)CCCCC1.[Br-].[Br-],gemini cationic,25.0,2.22480000000001,,,,,
CCCCCCCCCC[N+](C)(C)CC#CC[N+](C)(C)CCCCCCCCCC.[Br-].[Br-],gemini cationic,25.0,2.85700000000002,,,,,
CCCCCCCCCC[N+](C)(C)CCCCCCCCCC[N+](C)(C)CCCCCCCCCC.[Br-].[Br-],gemini cationic,25.0,2.37680000000001,,,,,
CCCCCCCCCC[N+](C)(C)CCCCCCCC[N+](C)(C)CCCCCCCCCC.[Br-].[Br-],gemini cationic,25.0,2.1249,,,,,
CCCCCCCCCC[N+](C)(C)CCCCCC[N+](C)(C)CCCCCCCCCC.[Br-].[Br-],gemini cationic,25.0,2.0362,,,,,
CCCCCCCCCC[N+](C)(C)CCCCNC[N+](C)(C)CCCCCCCCCC.[Br-].[Br-],gemini cationic,25.0,2.0757,,,,,
CCCCCCCCCC[N+](C)(C)CCCCO[N+](C)(C)CCCCCCCCCC.[Br-].[Br-],gemini cationic,25.0,2.1135,,,,,
CCCCCCCCCC[N+](C)(C)CCCC[N+](C)(C)CCCCCCCCCC.[Br-].[Br-],gemini cationic,25.0,2.0605,,,,,
CCCCCCCCCC[N+](C)(C)CCC[N+](C)(C)CCCCCCCCCC.[Br-].[Br-],gemini cationic,25.0,2.1871,,,,,
CCCCCCCCCC[N+](C)(C)CC[N+](C)(C)CCCCCCCCCC.[Br-].[Br-],gemini cationic,25.0,2.2076,32.0,,,39.97,
CCCCCCCCC[N+](C)(C)CCCCO[N+](C)(C)CCCCCCCCC.[Br-].[Br-],gemini cationic,25.0,1.6576,,,,,
CCCCCCCCC[N+]1(CCC#CCC[N+]2(CCCCCCCCC)CCCC2)CCCC1.[Br-].[Br-],gemini cationic,25.0,1.4634,,,,,
CCCCCCCC[N+](C)(C)CCCCCC[N+](C)(C)CCCCCCCC.[Br-].[Br-],gemini cationic,25.0,1.5986,,,,,
CCCCCCCC[N+](C)(C)CCCCNC[N+](C)(C)CCCCCCCC.[Br-].[Br-],gemini cationic,25.0,1.5086,,,,,
CCCCCCCC[N+](C)(C)CCCC[N+](C)(C)CCCCCCCC.[Br-].[Br-],gemini cationic,25.0,1.5817,,,,,
CCCCCCCC[N+](C)(C)CCC[N+](C)(C)CCCCCCCC.[Br-].[Br-],gemini cationic,25.0,1.8601,,,,,
CCCCCCCC[N+](C)(C)CCSCC[N+](C)(C)CCCCCCCC.[Br-].[Br-],gemini cationic,25.0,1.4318,,,,,
CCCCCCCC[N+](C)(C)CCc1c(CC)cccc1[N+](C)(C)CCCCCCCC.[Br-].[Br-],gemini cationic,25.0,1.6289,,,,,
CCCCCCCC[N+](C)(C)CCc1ccc(CC)cc1[N+](C)(C)CCCCCCCC.[Br-].[Br-],gemini cationic,25.0,1.6108,,,,,
CCCCCCCC[N+](C)(C)CCc1cccc(CC)c1[N+](C)(C)CCCCCCCC.[Br-].[Br-],gemini cationic,25.0,1.6459,,,,,
CCCCCC[N+](C)(C)CCCCC[N+](C)(C)CCCCCC.[Br-].[Br-],gemini cationic,25.0,0.7959,,,,,
CCCCCCCC[N+](C)(C)CCOCC[N+](C)(C)CCCCCCCC.[Br-].[Br-],gemini cationic,25.0,1.67571754470231,,,,,
CCCCCC[N+](C)(C)CCOCC[N+](C)(C)CCCCCC.[Br-].[Br-],gemini cationic,25.0,1.09097914578884,,,,,
CCCC[N+](C)(C)CCOCC[N+](C)(C)CCCC.[Br-].[Br-],gemini cationic,25.0,0.79997073344623,,,,,
CCCCCCCCCCCCOCC(O)C[N+](C)(C)CC(O)C[N+](C)(C)CC(O)COCCCCCCCCCCCC.[Cl-].[Cl-],gemini cationic,25.0,3.6345120151091,31.3,,,40.67,
CCCCCCCCCCCCOCC(O)C[N+](C)(C)CC(O)C[N+](C)(C)CC(O)C[N+](C)(C)CC(O)COCCCCCCCCCCCC.COS(=O)(=O)[O-].[Cl-].[Cl-],gemini cationic,25.0,3.50445566245355,32.6,,,39.37,
CCCCCCCCC(=O)N[N+](C)(C)CCC[N+](C)(C)NC(=O)CCCCCCCC.[Br-].[Br-],gemini cationic,25.0,2.45099673797421,,,,,
CCCCCCCCCC(=O)OCC(C)[N+](C)(C)CC(O)CN(CCCCCC)CC(O)C[N+](C)(C)C(C)COC(=O)CCCCCCCCC.[Cl-].[Cl-],gemini cationic,25.0,2.07499749231902,,,,,
CCCCCCCCCC(=O)OCC(C)[N+](C)(C)CC(O)CN(CCCCCCCC)CC(O)C[N+](C)(C)C(C)COC(=O)CCCCCCCCC.[Cl-].[Cl-],gemini cationic,25.0,4.10601643278815,,,,,
CCCCCCCCCCC(=O)N[N+](C)(C)CCC[N+](C)(C)NC(=O)CCCCCCCCCC.[Br-].[Br-],gemini cationic,25.0,2.63096977819085,,,,,
CCCCCCCCCCC(CSCCCCSCC(CCCCCCCCCC)[n+]1ccn(C)c1)[n+]1ccn(C)c1.[Br-].[Br-],gemini cationic,25.0,3.50905879464321,,,,,
CCCCCCCCCCC(CSCCCSCC(CCCCCCCCCC)[n+]1ccn(C)c1)[n+]1ccn(C)c1.[Br-].[Br-],gemini cationic,25.0,2.45605605751709,,,,,
CCCCCCCCCCC(CSCCSCC(CCCCCCCCCC)[n+]1ccn(C)c1)[n+]1ccn(C)c1.[Br-].[Br-],gemini cationic,25.0,3.39804859586648,,,,,
CCCCCCCCCCCC(=O)OCC(C)[N+](C)(C)CC(O)CN(CCCCC)CC(O)C[N+](C)(C)C(C)COC(=O)CCCCCCCCCCC.[Cl-].[Cl-],gemini cationic,25.0,4.20197120659593,,,,,
CCCCCCCCCCCC(=O)OCC(C)[N+](C)(C)CC(O)CN(CCCCCC)CC(O)C[N+](C)(C)C(C)COC(=O)CCCCCCCCCCC.[Cl-].[Cl-],gemini cationic,25.0,4.22797183467515,,,,,
CCCCCCCCCCCC(=O)OCC(COC(=O)CCCCCCCCCCC)(C[n+]1ccn(C)c1)C[n+]1ccn(C)c1.[Br-].[Br-],gemini cationic,25.0,3.58703572800334,,,,,
CCCCCCCCCCCCC(=O)N[N+](C)(C)CCC[N+](C)(C)NC(=O)CCCCCCCCCCCC.[Br-].[Br-],gemini cationic,25.0,2.85108900689064,,,,,
CCCCCCCCCCCCC(=O)OCC[n+]1ccc(CCCc2cc[n+](CCOC(=O)CCCCCCCCCCCC)cc2)cc1.[Br-].[Br-],gemini cationic,25.0,3.72399801003795,,,,,
CCCCCCCCCCCCC(=O)OCC[n+]1ccc(CCCc2cc[n+](CCOC(=O)CCCCCCCCCCCC)cc2)cc1.[Cl-].[Cl-],gemini cationic,25.0,3.40804544495326,,,,,
CCCCCCCCCCCCC(CSCCCCSCC(CCCCCCCCCCCC)[n+]1ccn(C)c1)[n+]1ccn(C)c1.[Br-].[Br-],gemini cationic,25.0,4.14898639317633,,,,,
CCCCCCCCCCCCC(CSCCCSCC(CCCCCCCCCCCC)[n+]1ccn(C)c1)[n+]1ccn(C)c1.[Br-].[Br-],gemini cationic,25.0,4.07099001450604,,,,,
CCCCCCCCCCCCC(CSCCSCC(CCCCCCCCCCCC)[n+]1ccccc1)[n+]1ccccc1.[Br-].[Br-],gemini cationic,25.0,4.0,,,,,
CCCCCCCCCCCCC(CSCCSCC(CCCCCCCCCCCC)[n+]1ccn(C)c1)[n+]1ccn(C)c1.[Br-].[Br-],gemini cationic,25.0,4.0,,,,,
CCCCCCCCCCCCCC(=O)OCC(COC(=O)CCCCCCCCCCCCC)(C[n+]1ccn(C)c1)C[n+]1ccn(C)c1.[Br-].[Br-],gemini cationic,25.0,3.92118081690115,,,,,
CCCCCCCCCCCCCCC(=O)N[N+](C)(C)CCC[N+](C)(C)NC(=O)CCCCCCCCCCCCCC.[Br-].[Br-],gemini cationic,25.0,2.90308998699194,,,,,
CCCCCCCCCCCCCCC(=O)OCC[n+]1ccc(CCCc2cc[n+](CCOC(=O)CCCCCCCCCCCCCC)cc2)cc1.[Br-].[Br-],gemini cationic,25.0,3.85698519974591,,,,,
CCCCCCCCCCCCCCC(=O)OCC[n+]1ccc(CCCc2cc[n+](CCOC(=O)CCCCCCCCCCCCCC)cc2)cc1.[Cl-].[Cl-],gemini cationic,25.0,3.75696195131371,,,,,
CCCCCCCCCCCCCCC(CSCCCCSCC(CCCCCCCCCCCCCC)[n+]1ccn(C)c1)[n+]1ccn(C)c1.[Br-].[Br-],gemini cationic,25.0,4.69897000433602,,,,,
CCCCCCCCCCCCCCC(CSCCCSCC(CCCCCCCCCCCCCC)[n+]1ccn(C)c1)[n+]1ccn(C)c1.[Br-].[Br-],gemini cationic,25.0,4.6779875614176,,,,,
CCCCCCCCCCCCCCC(CSCCSCC(CCCCCCCCCCCCCC)[n+]1ccccc1)[n+]1ccccc1.[Br-].[Br-],gemini cationic,25.0,4.52302353424047,,,,,
CCCCCCCCCCCCCCC(CSCCSCC(CCCCCCCCCCCCCC)[n+]1ccn(C)c1)[n+]1ccn(C)c1.[Br-].[Br-],gemini cationic,25.0,4.65797231191253,,,,,
CCCCCCCCCCCCCCCC(=O)OCC(COC(=O)CCCCCCCCCCCCCCC)(C[n+]1ccn(C)c1)C[n+]1ccn(C)c1.[Br-].[Br-],gemini cationic,25.0,4.37695756575362,,,,,
CCCCCCCCCCCCCCCCC(=O)OCC[n+]1ccc(CCCc2cc[n+](CCOC(=O)CCCCCCCCCCCCCCCC)cc2)cc1.[Br-].[Br-],gemini cationic,25.0,4.44405956218149,,,,,
CCCCCCCCCCCCCCCCC(=O)OCC[n+]1ccc(CCCc2cc[n+](CCOC(=O)CCCCCCCCCCCCCCCC)cc2)cc1.[Cl-].[Cl-],gemini cationic,25.0,4.26003230324049,,,,,
CCCCCCCCCCCCCCCCCC[N+]1(CC#CC[N+]2(CCCCCCCCCCCCCCCCCC)CCCC2)CCCC1.[Br-].[Br-],gemini cationic,25.0,4.97881070093006,,,,,
CCCCCCCCCCCCCCCCCC[N+]1(CC#CC[N+]2(CCCCCCCCCCCCCCCCCC)CCCCC2)CCCCC1.[Br-].[Br-],gemini cationic,25.0,4.77989191195995,,,,,
CCCCCCCCCCCCCCCC[N+](C)(C)CC(O)C(O)C[N+](C)(C)CCCCCCCCCCCCCCCC.[Br-].[Br-],gemini cationic,25.0,4.30102999566398,,,,,
CCCCCCCCCCCCCCCC[N+](C)(C)CCCCCC[N+](C)(C)CCCCCC.[Br-].[Br-],gemini cationic,25.0,3.08097423541264,,,,,
CCCCCCCCCCCCCCCC[N+](C)(C)CCCNCCC[N+](C)(C)CCCCCCCCCCCCCCCC.[Br-].[Br-],gemini cationic,25.0,4.1739900222089,,,,,
CCCCCCCCCCCCCCCC[N+]1(CC#CC[N+]2(CCCCCCCCCCCCCCCC)CCCC2)CCCC1.[Br-].[Br-],gemini cationic,25.0,4.35704112059021,,,,,
CCCCCCCCCCCCCCCC[N+]1(CC#CC[N+]2(CCCCCCCCCCCCCCCC)CCCCC2)CCCCC1.[Br-].[Br-],gemini cationic,25.0,4.22402566887063,,,,,
CCCCCCCCCCCCCCCC[N+]1(CCCC[N+]2(CCCCCCCCCCCCCCCC)CCCC2)CCCC1.[Br-].[Br-],gemini cationic,25.0,4.53805150479624,37.6,,,34.37,
CCCCCCCCCCCCCCOC(=O)C[n+]1ccc(CCCc2cc[n+](CC(=O)OCCCCCCCCCCCCCC)cc2)cc1.[Br-].[Br-],gemini cationic,25.0,3.91685585685695,,,,,
CCCCCCCCCCCCCCOc1ccc[n+](CC(O)C[n+]2cccc(OCCCCCCCCCCCCCC)c2)c1.[Br-].[Br-],gemini cationic,25.0,4.56895805466411,,,,,
CCCCCCCCCCCCCCOc1ccc[n+](CCC[n+]2cccc(OCCCCCCCCCCCCCC)c2)c1.[Br-].[Br-],gemini cationic,25.0,4.2839966563652,,,,,
CCCCCCCCCCCCCCOc1ccc[n+](CC[n+]2cccc(OCCCCCCCCCCCCCC)c2)c1.[Br-].[Br-],gemini cationic,25.0,4.46903231842809,,,,,
CCCCCCCCCCCCCC[N+](C)(C)CC(O)C(O)C[N+](C)(C)CCCCCCCCCCCCCC.[Br-].[Br-],gemini cationic,25.0,4.07099001450604,,,,,
CCCCCCCCCCCCCC[N+](C)(C)CCCCCC[N+](C)(C)CCCCCC.[Br-].[Br-],gemini cationic,25.0,2.29200425357707,,,,,
CCCCCCCCCCCCCC[N+]1(CC#CC[N+]2(CCCCCCCCCCCCCC)CCCC2)CCCC1.[Br-].[Br-],gemini cationic,25.0,3.88605664769316,,,,,
CCCCCCCCCCCCCC[N+]1(CC#CC[N+]2(CCCCCCCCCCCCCC)CCCCC2)CCCCC1.[Br-].[Br-],gemini cationic,25.0,3.68402965454308,,,,,
CCCCCCCCCCCCCC[N+]1(CCCC[N+]2(CCCCCCCCCCCCCC)CCCC2)CCCC1.[Br-].[Br-],gemini cationic,25.0,3.88605664769316,38.0,,,33.97,
CCCCCCCCCCCCCCn1cc[n+](CC(O)C[n+]2ccn(CCCCCCCCCCCCCC)c2)c1.[Cl-].[Cl-],gemini cationic,25.0,2.97387548325455,,,,,
CCCCCCCCCCCCCCn1cc[n+](CCCC[n+]2ccn(CCCCCCCCCCCCCC)c2)c1.[Br-].[Br-],gemini cationic,25.0,3.92118081690115,,,,,
CCCCCCCCCCCCNC(=O)C[N+](C)(C)CCCCCCCCCCCC[N+](C)(C)CC(=O)NCCCCCCCCCCCC.[Cl-].[Cl-],gemini cationic,25.0,3.79588001734408,,,,,
CCCCCCCCCCCCNC(=O)C[N+](C)(C)CCCCCC[N+](C)(C)CC(=O)NCCCCCCCCCCCC.[Cl-].[Cl-],gemini cationic,25.0,3.46903231842809,,,,,
CCCCCCCCCCCCOC(=O)C[N+](C)(C)C(=O)NCCCCCCNC(=O)[N+](C)(C)CC(=O)OCCCCCCCCCCCC.[Cl-].[Cl-],gemini cationic,25.0,3.60205999132796,,,,,
CCCCCCCCCCCCOC(=O)C[N+](C)(C)CCCCCC[N+](C)(C)CC(=O)OCCCCCCCCCCCC.[Cl-].[Cl-],gemini cationic,25.0,3.49498575991589,,,,,
CCCCCCCCCCCCOC(=O)C[n+]1ccc(CCCc2cc[n+](CC(=O)OCCCCCCCCCCCC)cc2)cc1.[Br-].[Br-],gemini cationic,25.0,4.44405956218149,,,,,
CCCCCCCCCCCCOc1ccc[n+](CC(O)C[n+]2cccc(OCCCCCCCCCCCC)c2)c1.[Br-].[Br-],gemini cationic,25.0,3.82390874094432,,,,,
CCCCCCCCCCCCOc1ccc[n+](CCC[n+]2cccc(OCCCCCCCCCCCC)c2)c1.[Br-].[Br-],gemini cationic,25.0,3.72101788313456,,,,,
CCCCCCCCCCCCOc1ccc[n+](CC[n+]2cccc(OCCCCCCCCCCCC)c2)c1.[Br-].[Br-],gemini cationic,25.0,3.74496883665445,,,,,
CCCCCCCCCCCC[N+](C)(C)C(=O)NCCCCCCCCCCCCNC(=O)[N+](C)(C)CCCCCCCCCCCC.[Cl-].[Cl-],gemini cationic,25.0,3.65797231191253,,,,,
CCCCCCCCCCCC[N+](C)(C)C(=O)OCCCCCCOC(=O)[N+](C)(C)CCCCCCCCCCCC.[Cl-].[Cl-],gemini cationic,25.0,3.11401718864503,,,,,
CCCCCCCCCCCC[N+](C)(C)CC(O)C(O)C[N+](C)(C)CCCCCCCCCCCC.[Br-].[Br-],gemini cationic,25.0,3.15502606185311,,,,,
CCCCCCCCCCCC[N+](C)(C)CC(O)CN(CC)CC(O)C[N+](C)(C)CCCCCCCCCCCC.[Cl-].[Cl-],gemini cationic,25.0,3.12801864615663,38.0,,,33.97,
CCCCCCCCCCCC[N+](C)(C)CC(O)CN(CCC)CC(O)C[N+](C)(C)CCCCCCCCCCCC.[Cl-].[Cl-],gemini cationic,25.0,3.20502425594887,,,,,
CCCCCCCCCCCC[N+](C)(C)CC(O)CN(CCCC)CC(O)C[N+](C)(C)CCCCCCCCCCCC.[Cl-].[Cl-],gemini cationic,25.0,3.25103713874384,,,,,
CCCCCCCCCCCC[N+](C)(C)CC(O)CN(CCCCC)CC(O)C[N+](C)(C)CCCCCCCCCCCC.[Cl-].[Cl-],gemini cationic,25.0,3.40604970473601,,,,,
CCCCCCCCCCCC[N+](C)(C)CC(O)CN(CCCCCC)CC(O)C[N+](C)(C)CCCCCCCCCCCC.[Cl-].[Cl-],gemini cationic,25.0,3.50196527631297,35.0,,,36.97,
CCCCCCCCCCCC[N+](C)(C)CC(O)CN(CCCCCCCC)CC(O)C[N+](C)(C)CCCCCCCCCCCC.[Cl-].[Cl-],gemini cationic,25.0,3.59894427422816,,,,,
CCCCCCCCCCCC[N+](C)(C)CCCCCCC[N+](C)(C)CCCCCCCCCCCC.[Br-].[Br-],gemini cationic,25.0,3.04599883231843,,,,,
CCCCCCCCCCCC[N+](C)(C)CCCCCC[N+](C)(C)CCCCCC.[Br-].[Br-],gemini cationic,25.0,1.78994915012486,,,,,
CCCCCCCCCCCC[N+](C)(C)CCCNCCC[N+](C)(C)CCCCCCCCCCCC.[Br-].[Br-],gemini cationic,25.0,2.93218548883816,,,,,
CCCCCCCCCCCC[N+]1(CC#CC[N+]2(CCCCCCCCCCCC)CCCC2)CCCC1.[Br-].[Br-],gemini cationic,25.0,3.04100633496967,,,,,
CCCCCCCCCCCC[N+]1(CC#CC[N+]2(CCCCCCCCCCCC)CCCCC2)CCCCC1.[Br-].[Br-],gemini cationic,25.0,3.04997609347667,,,,,
CCCCCCCCCCCC[N+]1(CCCCCCCCCCCCCCCC[N+]2(CCCCCCCCCCCC)CCCC2)CCCC1.[Br-].[Br-],gemini cationic,25.0,4.49498575991589,,,,,
CCCCCCCCCCCC[N+]1(CCCCCCCCCCCCCC[N+]2(CCCCCCCCCCCC)CCCC2)CCCC1.[Br-].[Br-],gemini cationic,25.0,4.17999569319168,,,,,
CCCCCCCCCCCC[N+]1(CCCCCCCC[N+]2(CCCCCCCCCCCC)CCCC2)CCCC1.[Br-].[Br-],gemini cationic,25.0,3.20802879897923,,,,,
CCCCCCCCCCCC[N+]1(CCCCCC[N+]2(CCCCCCCCCCCC)CCCC2)CCCC1.[Br-].[Br-],gemini cationic,25.0,3.10801676914803,,,,,
CCCCCCCCCCCC[N+]1(CCCC[N+]2(CCCCCCCCCCCC)CCCC2)CCCC1.[Br-].[Br-],gemini cationic,25.0,3.08097423541264,38.1,,,33.87,
CCCCCCCCCCCC[N+]1(CCC[N+]2(CCCCCCCCCCCC)CCCC2)CCCC1.[Br-].[Br-],gemini cationic,25.0,3.17999569319168,,,,,
CCCCCCCCCCCC[n+]1ccccc1CCCCCCCCCCCCc1cccc[n+]1CCCCCCCCCCCC.CS(=O)(=O)[O-].CS(=O)(=O)[O-],gemini cationic,25.0,3.13000599987826,,,,,
CCCCCCCCCCCC[n+]1ccccc1CCCCCCCCc1cccc[n+]1CCCCCCCCCCCC.[Cl-].[Cl-],gemini cationic,25.0,2.95506845385084,,,,,
CCCCCCCCCCCC[n+]1ccccc1CCCCc1cccc[n+]1CCCCCCCCCCCC.CS(=O)(=O)[O-].CS(=O)(=O)[O-],gemini cationic,25.0,2.71399287792053,,,,,
CCCCCCCCCCCC[n+]1ccccc1CCCCc1cccc[n+]1CCCCCCCCCCCC.[Cl-].[Cl-],gemini cationic,25.0,2.89312945552135,,,,,
CCCCCCCCCCCC[n+]1ccccc1CCCc1cccc[n+]1CCCCCCCCCCCC.[Br-].[Br-],gemini cationic,25.0,3.07701518429112,,,,,
CCCCCCCCCCCC[n+]1ccccc1CCCc1cccc[n+]1CCCCCCCCCCCC.[Cl-].[Cl-],gemini cationic,25.0,2.82102305270683,,,,,
CCCCCCCCCCCC[n+]1ccccc1CCc1cccc[n+]1CCCCCCCCCCCC.CS(=O)(=O)[O-].CS(=O)(=O)[O-],gemini cationic,25.0,2.68402965454308,,,,,
CCCCCCCCCCCCn1cc[n+](CC(O)C[n+]2ccn(CCCCCCCCCCCC)c2)c1.[Cl-].[Cl-],gemini cationic,25.0,3.10801676914803,,,,,
CCCCCCCCCCCCn1cc[n+](CCCCCC[n+]2ccn(CCCCCCCCCCCC)c2)c1.[Br-].[Br-],gemini cationic,25.0,3.13100309751286,,,,,
CCCCCCCCCCCCn1cc[n+](CCCC[n+]2ccn(CCCCCCCCCCCC)c2)c1.[Br-].[Br-],gemini cationic,25.0,3.13697470377053,,,,,
CCCCCCCCCCCCn1cc[n+](CCC[n+]2ccn(CCCCCCCCCCCC)c2)c1.[Br-].[Br-],gemini cationic,25.0,3.2759700270644,,,,,
CCCCCCCCCCCCn1cc[n+](CC[n+]2ccn(CCCCCCCCCCCC)c2)c1.[Br-].[Br-],gemini cationic,25.0,3.19402364928244,,,,,
CCCCCCCCCCOc1ccc[n+](CC(O)C[n+]2cccc(OCCCCCCCCCC)c2)c1.[Br-].[Br-],gemini cationic,25.0,3.0,,,,,
CCCCCCCCCC[N+](C)(C)CC(O)C(O)C[N+](C)(C)CCCCCCCCCC.[Br-].[Br-],gemini cationic,25.0,2.43203309317685,,,,,
CCCCCCCCCC[N+]1(CC#CC[N+]2(CCCCCCCCCC)CCCC2)CCCC1.[Br-].[Br-],gemini cationic,25.0,2.27498727465884,,,,,
CCCCCCCCCC[N+]1(CC#CC[N+]2(CCCCCCCCCC)CCCCC2)CCCCC1.[Br-].[Br-],gemini cationic,25.0,2.22497239990116,,,,,
CCCCCCCCCC[N+]1(CCCC[N+]2(CCCCCCCCCC)CCCC2)CCCC1.[Br-].[Br-],gemini cationic,25.0,2.24003014244569,39.1,,,32.87,
CCCCCCCCCCc1cccc[n+]1CCCCCC[n+]1ccccc1CCCCCCCCCC.[Br-].[Br-],gemini cationic,25.0,2.66594855965311,,,,,
CCCCCCCCCCc1cccc[n+]1CCCC[n+]1ccccc1CCCCCCCCCC.[Br-].[Br-],gemini cationic,25.0,2.0,,,,,
CCCCCCCCCCn1cc[n+](CC(O)C[n+]2ccn(CCCCCCCCCC)c2)c1.[Cl-].[Cl-],gemini cationic,25.0,2.5970511706556,,,,,
CCCCCCCCCCn1cc[n+](CCCC[n+]2ccn(CCCCCCCCCC)c2)c1.[Br-].[Br-],gemini cationic,25.0,2.29499204066666,,,,,
CCCCCCCCCCn1cc[n+](CCC[n+]2ccn(CCCCCCCCCC)c2)c1.[Br-].[Br-],gemini cationic,25.0,2.4719836588108,,,,,
CCCCCCCC[N+]1(CC#CC[N+]2(CCCCCCCC)CCCCC2)CCCCC1.[Br-].[Br-],gemini cationic,25.0,1.32102662408023,,,,,
CS(=O)(=O)[O-].CS(=O)(=O)[O-].FC(F)(F)C(F)(F)C(F)(F)C(F)(F)C(F)(F)C(F)(F)CC[n+]1ccccc1CCCCCCCCCCCCc1cccc[n+]1CCC(F)(F)C(F)(F)C(F)(F)C(F)(F)C(F)(F)C(F)(F)F,gemini cationic,25.0,2.97881070093006,,,,,
CS(=O)(=O)[O-].CS(=O)(=O)[O-].FC(F)(F)C(F)(F)C(F)(F)C(F)(F)C(F)(F)C(F)(F)CC[n+]1ccccc1CCCCCCCCc1cccc[n+]1CCC(F)(F)C(F)(F)C(F)(F)C(F)(F)C(F)(F)C(F)(F)F,gemini cationic,25.0,2.85387196432176,,,,,
CS(=O)(=O)[O-].CS(=O)(=O)[O-].FC(F)(F)C(F)(F)C(F)(F)C(F)(F)C(F)(F)C(F)(F)CC[n+]1ccccc1CCCCc1cccc[n+]1CCC(F)(F)C(F)(F)C(F)(F)C(F)(F)C(F)(F)C(F)(F)F,gemini cationic,25.0,2.71399287792053,,,,,
FC(F)(F)C(F)(F)C(F)(F)C(F)(F)C(F)(F)C(F)(F)CC[n+]1ccccc1CCCCCCCCCCCCc1cccc[n+]1CCC(F)(F)C(F)(F)C(F)(F)C(F)(F)C(F)(F)C(F)(F)F.[Cl-].[Cl-],gemini cationic,25.0,2.95900230757651,,,,,
FC(F)(F)C(F)(F)C(F)(F)C(F)(F)C(F)(F)C(F)(F)CC[n+]1ccccc1CCCCCCCCc1cccc[n+]1CCC(F)(F)C(F)(F)C(F)(F)C(F)(F)C(F)(F)C(F)(F)F.[Cl-].[Cl-],gemini cationic,25.0,2.88907375773358,,,,,
FC(F)(F)C(F)(F)C(F)(F)C(F)(F)C(F)(F)C(F)(F)CC[n+]1ccccc1CCCCc1cccc[n+]1CCC(F)(F)C(F)(F)C(F)(F)C(F)(F)C(F)(F)C(F)(F)F.[Cl-].[Cl-],gemini cationic,25.0,2.73002032335468,,,,,
FC(F)(F)C(F)(F)C(F)(F)C(F)(F)C(F)(F)C(F)(F)CC[n+]1ccccc1CCCc1cccc[n+]1CCC(F)(F)C(F)(F)C(F)(F)C(F)(F)C(F)(F)C(F)(F)F.[Cl-].[Cl-],gemini cationic,25.0,2.71896663275227,,,,,
C(=Nc1cc[n+](CCCCCCCCCCCC[n+]2ccc(N=Cc3ccccc3)cc2)cc1)c1ccccc1.[Br-].[Br-],gemini cationic,,,41.0,,,,
C(=Nc1cc[n+](CCCCCC[n+]2ccc(N=Cc3ccccc3)cc2)cc1)c1ccccc1.[Br-].[Br-],gemini cationic,,,47.0,,,,
C(=Nc1cc[n+](CC[n+]2ccc(N=Cc3ccccc3)cc2)cc1)c1ccccc1.[Br-].[Br-],gemini cationic,,,50.0,,,,
C=CC(O)OC(C[N+](C)(C)CCCCCCCCCCCC)C[N+](C)(C)CCCCCCCCCCCC.[Cl-].[Cl-],gemini cationic,,,31.6,,,,
CCCCCCCC1=NCC[N+]1(CCCCCC[N+]1(CCNCCN)CCN=C1CCCCCCC)CCNCCN.[Br-].[Br-],gemini cationic,,,27.4,,,,
CCCCCCCCC(=O)OCCCCCC[N+](C)(C)CC(O)C[N+](C)(C)CCCCCCOC(=O)CCCCCCCC.[Cl-].[Cl-],gemini cationic,,,34.0,,,,
CCCCCCCCCC(CCCCCCCC[N+](C)(C)CCCCCC[N+](C)(C)CCCCCCCCC(CCCCCCCCC)c1cc(C)cc(C)c1)c1cc(C)cc(C)c1.[Br-].[Br-],gemini cationic,,,44.7,,,,
CCCCCCCCCC(CCCCCCCC[N+](C)(C)CCC[N+](C)(C)CCCCCCCCC(CCCCCCCCC)c1cc(C)cc(C)c1)c1cc(C)cc(C)c1.[Br-].[Br-],gemini cationic,,,45.8,,,,
CCCCCCCCCCC(=O)OCCCC[N+](C)(C)CC(O)C[N+](C)(C)CCCCOC(=O)CCCCCCCCCC.[Cl-].[Cl-],gemini cationic,,,34.0,,,,
CCCCCCCCCCC(=O)OCC[N+](C)(C)CC(O)C[N+](C)(C)CCOC(=O)CCCCCCCCCC.[Cl-].[Cl-],gemini cationic,,,30.0,,,,
CCCCCCCCCCCC(=O)NC(CCCNC(=[N+])N)C(=O)NCCCCCCCCCNC(=O)C(CCCNC(=[N+])N)NC(=O)CCCCCCCCCCC.[Cl-].[Cl-],gemini cationic,,,36.0,,,,
CCCCCCCCCCCC(=O)NC(CCCNC(=[N+])N)C(=O)NCCCCCCNC(=O)C(CCCNC(=[N+])N)NC(=O)CCCCCCCCCCC.[Cl-].[Cl-],gemini cationic,,,34.0,,,,
CCCCCCCCCCCC(=O)NC(CCCNC(=[N+])N)C(=O)NCCCNC(=O)C(CCCNC(=[N+])N)NC(=O)CCCCCCCCCCC.[Cl-].[Cl-],gemini cationic,,,36.0,,,,
CCCCCCCCCCCC(=O)NCCC[N+](C)(C)CCCCCC[N+](C)(C)CCCNC(=O)CCCCCCCCCCC.[Br-].[Br-],gemini cationic,,,38.4,,,,
CCCCCCCCCCCC(=O)OCC[N+](C)(C)CC(O)C[N+](C)(C)CCOC(=O)CCCCCCC.[Cl-].[Cl-],gemini cationic,,,30.4,,,,
CCCCCCCCCCCC(=O)OCC[N+](C)(C)CC(O)C[N+](C)(C)CCOC(=O)CCCCCCCCC.[Cl-].[Cl-],gemini cationic,,,36.2,,,,
CCCCCCCCCCCC(C)[N+](C)(C)CCCCCCCCCCCC[N+](C)(C)C(C)CCCCCCCCCCC.[Br-].[Br-],gemini cationic,,,41.4,,,,
CCCCCCCCCCCC(C)[N+](C)(C)CCCCCCCCCC[N+](C)(C)C(C)CCCCCCCCCCC.[Br-].[Br-],gemini cationic,,,43.3,,,,
CCCCCCCCCCCC(C)[N+](C)(C)CCCCCCCC[N+](C)(C)C(C)CCCCCCCCCCC.[Br-].[Br-],gemini cationic,,,43.3,,,,
CCCCCCCCCCCC(C)[N+](C)(C)CCCCCC[N+](C)(C)C(C)CCCCCCCCCCC.[Br-].[Br-],gemini cationic,,,40.8,,,,
CCCCCCCCCCCC(C)[N+](C)(C)CCCCC[N+](C)(C)C(C)CCCCCCCCCCC.[Br-].[Br-],gemini cationic,,,41.0,,,,
CCCCCCCCCCCC(C)[N+](C)(C)CCCC[N+](C)(C)C(C)CCCCCCCCCCC.[Br-].[Br-],gemini cationic,,,39.4,,,,
CCCCCCCCCCCC(C)[N+](C)(C)CCC[N+](C)(C)C(C)CCCCCCCCCCC.[Br-].[Br-],gemini cationic,,,36.0,,,,
CCCCCCCCCCCC1=NCC[N+]1(CCCCCC[N+]1(CCNCCN)CCN=C1CCCCCCCCCCC)CCNCCN.[Br-].[Br-],gemini cationic,,,28.3,,,,
CCCCCCCCCCCCC(=O)NCC[N+](C)(C)CC(O)C[N+](C)(C)CCNC(=O)CCCCCCCCCCCC.[Cl-].[Cl-],gemini cationic,,,33.0,,,,
CCCCCCCCCCCCC(=O)OCC[N+](C)(C)CC(O)C[N+](C)(C)CCOC(=O)CCCCCCCCCCCC.[Cl-].[Cl-],gemini cationic,,,32.0,,,,
CCCCCCCCCCCCC(=O)OCC[N+](C)(C)CCCC[N+](C)(C)CCOC(=O)CCCCCCCCCCCC.[Cl-].[Cl-],gemini cationic,,,34.0,,,,
CCCCCCCCCCCCCC(=O)OCC[N+](C)(C)CC(O)C[N+](C)(C)CCOC(=O)CCCCCCCCCCC.[Cl-].[Cl-],gemini cationic,,,40.0,,,,
CCCCCCCCCCCCCC1=NCC[N+]1(CCCCCC[N+]1(CCNCCN)CCN=C1CCCCCCCCCCCCC)CCNCCN.[Br-].[Br-],gemini cationic,,,29.0,,,,
CCCCCCCCCCCCCCC(=O)OCC[N+](C)(C)CC(O)C[N+](C)(C)CCOC(=O)CCCCCCCCCCCCCC.[Cl-].[Cl-],gemini cationic,,,30.0,,,,
CCCCCCCCCCCCCCCC(=O)OCC[N+](C)(C)CC(O)C[N+](C)(C)CCOC(=O)CCCCCCCCCCC.[Cl-].[Cl-],gemini cationic,,,45.2,,,,
CCCCCCCCCCCCCCCC1=NCC[N+]1(CCCCCC[N+]1(CCNCCN)CCN=C1CCCCCCCCCCCCCCC)CCNCCN.[Br-].[Br-],gemini cationic,,,30.9,,,,
CCCCCCCCCCCCCCCCCC[N+](C)(C)CC(O)C[N+](C)(C)CCCCCCCCCCCCCCCCCC.[Cl-].[Cl-],gemini cationic,,,36.4,,,,
CCCCCCCCCCCCCCCCCC[N+](C)(C)CCOC(=O)CCC(=O)OCC[N+](C)(C)CCCCCCCCCCCCCCCCCC.[Cl-].[Cl-],gemini cationic,,,32.7,,,,
CCCCCCCCCCCCCCCCCC[N+](C)(C)CCOC(=O)CCCCCCC(=O)OCC[N+](C)(C)CCCCCCCCCCCCCCCCCC.[Cl-].[Cl-],gemini cationic,,,33.2,,,,
CCCCCCCCCCCCCCCCOc1ccc[n+](CC(O)C[n+]2cccc(OCCCCCCCCCCCCCCCC)c2)c1.[Br-].[Br-],gemini cationic,,,,,,,
CCCCCCCCCCCCCCCC[N+](C)(C)CCCC[N+](C)(C)CCCCCCCCCCCCCCCC.[Cl-].[Cl-],gemini cationic,,,43.0,,,,
CCCCCCCCCCCCCCCC[N+](C)(C)CCOC(=O)CCC(=O)OCC[N+](C)(C)CCCCCCCCCCCCCCCC.[Cl-].[Cl-],gemini cationic,,,36.7,,,,
CCCCCCCCCCCCCCCC[N+](C)(C)CCOC(=O)CCCCCCC(=O)OCC[N+](C)(C)CCCCCCCCCCCCCCCC.[Cl-].[Cl-],gemini cationic,,,30.6,,,,
CCCCCCCCCCCCCCCC[N+](C)(C)CCOc1ccc(C=NNC(=O)C(=O)NN=Cc2ccc(OCC[N+](C)(C)CCCCCCCCCCCCCCCC)cc2)cc1.[Cl-].[Cl-],gemini cationic,,,30.9,,,,
CCCCCCCCCCCCCCOc1ccc(C[n+]2ccn(CCCCCCn3cc[n+](Cc4ccc(OCCCCCCCCCCCCCC)cc4)c3)c2)cc1.[Br-].[Br-],gemini cationic,,,48.7,,,,
CCCCCCCCCCCCCCOc1ccc(C[n+]2ccn(CCCn3cc[n+](Cc4ccc(OCCCCCCCCCCCCCC)cc4)c3)c2)cc1.[Br-].[Br-],gemini cationic,,,42.6,,,,
CCCCCCCCCCCCCC[N+](C)(C)CCCC[N+](C)(C)CCCCCCCCCCCCCC.[Cl-].[Cl-],gemini cationic,,,42.0,,,,
CCCCCCCCCCCCCC[N+](C)(C)CCOC(=O)CCC(=O)OCC[N+](C)(C)CCCCCCCCCCCCCC.[Cl-].[Cl-],gemini cationic,,,32.8,,,,
CCCCCCCCCCCCCC[N+](C)(C)CCOC(=O)CCCCCCC(=O)OCC[N+](C)(C)CCCCCCCCCCCCCC.[Cl-].[Cl-],gemini cationic,,,32.6,,,,
CCCCCCCCCCCCCC[N+](C)(C)CCOc1ccc(C=NNC(=O)C(=O)NN=Cc2ccc(OCC[N+](C)(C)CCCCCCCCCCCCCC)cc2)cc1.[Cl-].[Cl-],gemini cationic,,,32.5,,,,
CCCCCCCCCCCCN(CCC[N+](C)(C)CCCCCCCCCCCC)C(=[N+])N(C)C.[Cl-].[Cl-],gemini cationic,,,29.4,,,,
CCCCCCCCCCCCOC(=O)C(C)[N+](C)(C)CC[N+](C)(C)C(C)C(=O)OCCCCCCCCCCCC.[Br-].[Br-],gemini cationic,,,32.0,,,,
CCCCCCCCCCCCOc1ccc(C[n+]2ccn(CCCCCCn3cc[n+](Cc4ccc(OCCCCCCCCCCCC)cc4)c3)c2)cc1.[Br-].[Br-],gemini cationic,,,42.8,,,,
CCCCCCCCCCCCOc1ccc(C[n+]2ccn(CCCn3cc[n+](Cc4ccc(OCCCCCCCCCCCC)cc4)c3)c2)cc1.[Br-].[Br-],gemini cationic,,,32.8,,,,
CCCCCCCCCCCC[N+](C)(C)CC(=O)NCCN(CCNC(=O)C[N+](C)(C)CCCCCCCCCCCC)C(=O)C[N+](C)(C)CCCCCCCCCCCC.[Cl-].[Cl-].[Cl-],gemini cationic,,,45.0,,,,
CCCCCCCCCCCC[N+](C)(C)CC(=O)NCCN(CCNC(=O)C[N+](C)(C)CCCCCCCCCCCC)CCNC(=O)C[N+](C)(C)CCCCCCCCCCCC.[Cl-].[Cl-].[Cl-],gemini cationic,,,42.0,,,,
CCCCCCCCCCCC[N+](C)(C)CC(=O)OCCOC(=O)C[N+](C)(C)CCCCCCCCCCCC.[Br-].[Br-],gemini cationic,,,29.1,,,,
CCCCCCCCCCCC[N+](C)(C)CC(=O)OCCOCCOC(=O)C[N+](C)(C)CCCCCCCCCCCC.[Br-].[Br-],gemini cationic,,,30.7,,,,
CCCCCCCCCCCC[N+](C)(C)CC(=O)OCCOCCOCCOC(=O)C[N+](C)(C)CCCCCCCCCCCC.[Br-].[Br-],gemini cationic,,,30.9,,,,
CCCCCCCCCCCC[N+](C)(C)CC(O)COC(=O)CCCCC(=O)OCC(O)C[N+](C)(C)CCCCCCCCCCCC.[Cl-].[Cl-],gemini cationic,,,31.4,,,,
CCCCCCCCCCCC[N+](C)(C)CC(O)C[N+](CC)(CC)CC(O)C[N+](C)(C)CCCCCCCCCCCC.[Cl-].[Cl-].[Cl-],gemini cationic,,,34.0,,,,
CCCCCCCCCCCC[N+](C)(C)CC(O)C[N+](CCCCCC)(CCCCCC)CC(O)C[N+](C)(C)CCCCCCCCCCCC.[Cl-].[Cl-].[Cl-],gemini cationic,,,30.0,,,,
CCCCCCCCCCCC[N+](C)(C)CCC(O)C[N+](C)(C)CCCCCCCCCCCC.[Cl-].[Cl-],gemini cationic,,,40.9,,,,
CCCCCCCCCCCC[N+](C)(C)CCCC[N+](C)(C)CCCCCCCCCCCC.[Cl-].[Cl-],gemini cationic,,,41.0,,,,
CCCCCCCCCCCC[N+](C)(C)CCCNC(=[N+])N(C)C.[Br-].[Br-],gemini cationic,,,31.9,,,,
CCCCCCCCCCCC[N+](C)(C)CCNC(=O)CCN(CCC(=O)NCC[N+](C)(C)CCCCCCCCCCCC)CCN(CCC(=O)NCC[N+](C)(C)CCCCCCCCCCCC)CCC(=O)NCC[N+](C)(C)CCCCCCCCCCCC.[Br-].[Br-].[Br-].[Br-],gemini cationic,,,47.6,,,,
CCCCCCCCCCCC[N+](C)(C)CCOC(=O)C(=O)OCC[N+](C)(C)CCCCCCCCCCCC.[Br-].[Br-],gemini cationic,,,24.9,,,,
CCCCCCCCCCCC[N+](C)(C)CCOC(=O)CCC(=O)OCC[N+](C)(C)CCCCCCCCCCCC.[Cl-].[Cl-],gemini cationic,,,34.9,,,,
CCCCCCCCCCCC[N+](C)(C)CCOC(=O)CCCCCCC(=O)OCC[N+](C)(C)CCCCCCCCCCCC.[Cl-].[Cl-],gemini cationic,,,39.2,,,,
CCCCCCCCCCCC[N+](C)(C)CCOC(=O)C[N+](C)(C)CCCCCCCCCCCC.[Br-].[Br-],gemini cationic,,,30.8,,,,
CCCCCCCCCCCC[N+](C)(C)CCOc1ccc(C=NNC(=O)C(=O)NN=Cc2ccc(OCC[N+](C)(C)CCCCCCCCCCCC)cc2)cc1.[Cl-].[Cl-],gemini cationic,,,32.6,,,,
CCCCCCCCCCCC[N+](CCCCCCCCCCCC)CCCCCC[N+](CCCCCCCCCCCC)CCCCCCCCCCCC.[Br-].[Br-],gemini cationic,,,30.9,,,,
CCCCCCCCCCCC[N+](CCCCCCCCCCCC)CCC[N+](CCCCCCCCCCCC)CCCCCCCCCCCC.[Br-].[Br-],gemini cationic,,,32.9,,,,
CCCCCCCCCCCC[N+](CCCCCCCCCCCC)CC[N+](CCCCCCCCCCCC)CCCCCCCCCCCC.[Br-].[Br-],gemini cationic,,,33.9,,,,
CCCCCCCCCCCC[N+](CCO)(CCO)CCCCCCCCCC[N+](CCO)(CCO)CCCCCCCCCCCC.[Br-].[Br-],gemini cationic,,,36.3,,,,
CCCCCCCCCCCC[N+](CCO)(CCO)CCCCCCCC[N+](CCO)(CCO)CCCCCCCCCCCC.[Br-].[Br-],gemini cationic,,,36.0,,,,
CCCCCCCCCCCC[N+](CCO)(CCO)CCCCCC[N+](CCO)(CCO)CCCCCCCCCCCC.[Br-].[Br-],gemini cationic,,,36.3,,,,
CCCCCCCCCCCC[N+](CCO)(CCO)CCCC[N+](CCO)(CCO)CCCCCCCCCCCC.[Br-].[Br-],gemini cationic,,,35.6,,,,
CCCCCCCCCCCC[n+]1ccc(C=Nc2cc[n+](CCCCCCCCCCCC)cc2)cc1.[Br-].[Br-],gemini cationic,,,28.7,,,,
CCCCCCCCCCN(CCC[N+](C)(C)CCCCCCCCCC)C(=[N+])N(C)C.[Cl-].[Cl-],gemini cationic,,,28.5,,,,
CCCCCCCCCCOC(=O)C(C)[N+](C)(C)CC[N+](C)(C)C(C)C(=O)OCCCCCCCCCC.[Br-].[Br-],gemini cationic,,,28.5,,,,
CCCCCCCCCCOc1ccc(C[n+]2ccn(CCCCCCn3cc[n+](Cc4ccc(OCCCCCCCCCC)cc4)c3)c2)cc1.[Br-].[Br-],gemini cationic,,,39.8,,,,
CCCCCCCCCCOc1ccc(C[n+]2ccn(CCCn3cc[n+](Cc4ccc(OCCCCCCCCCC)cc4)c3)c2)cc1.[Br-].[Br-],gemini cationic,,,37.2,,,,
CCCCCCCCCC[N+](C)(C)CC(O)COCCOCC(O)C[N+](C)(C)CCCCCCCCCC.[Br-].[Br-],gemini cationic,,,32.6,,,,
CCCCCCCCCC[N+](C)(C)CCCC[N+](C)(C)CCCCCCCCCC.[Cl-].[Cl-],gemini cationic,,,40.0,,,,
CCCCCCCCCC[N+](C)(C)CCCNC(=[N+])N(C)C.[Br-].[Br-],gemini cationic,,,33.7,,,,
CCCCCCCCCC[N+](C)(C)CCOC(=O)CCC(=O)OCC[N+](C)(C)CCCCCCCCCC.[Cl-].[Cl-],gemini cationic,,,39.6,,,,
CCCCCCCCCC[N+](C)(C)CCOC(=O)CCCCCCC(=O)OCC[N+](C)(C)CCCCCCCCCC.[Cl-].[Cl-],gemini cationic,,,32.0,,,,
CCCCCCCCCC[N+](C)(C)CCOc1ccc(C=NNC(=O)C(=O)NN=Cc2ccc(OCC[N+](C)(C)CCCCCCCCCC)cc2)cc1.[Cl-].[Cl-],gemini cationic,,,41.4,,,,
CCCCCCCCN(CCC[N+](C)(C)CCCCCCCC)C(=[N+])N(C)C.[Cl-].[Cl-],gemini cationic,,,28.1,,,,
CCCCCCCCOC(=O)C[N+](C)(C)CC[N+](C)(C)CC(=O)OCCCCCCCC.[Cl-].[Cl-],gemini cationic,,,43.0,,,,
CCCCCCCCOC(=O)C[N+](CC)(CC)c1ccc(C=NCCN=Cc2ccc([N+](CC)(CC)CC(=O)OCCCCCCCC)cc2)cc1.[Cl-].[Cl-],gemini cationic,,,39.7,,,,
CCCCCCCC[N+](C)(C)CC(O)COCCOCC(O)C[N+](C)(C)CCCCCCCC.[Br-].[Br-],gemini cationic,,,55.2,,,,
CCCCCCCC[N+](C)(C)CC(O)COCCOCCOCCOCC(O)C[N+](C)(C)CCCCCCCC.[Br-].[Br-],gemini cationic,,,52.2,,,,
CCCCCCCC[N+](C)(C)CCCNC(=[N+])N(C)C.[Br-].[Br-],gemini cationic,,,35.9,,,,
CCCCCCCCCCCC(=O)N(CCO)CCO,non-ionic,25.0,3.57839607313017,34.7,3.75e-06,0.44,37.1,4.38
CCCCCCCCc1ccc(OCCOCCOCCOCCOCCOCCOCC)cc1,non-ionic,25.0,3.60205999132796,30.0,2.9e-06,0.57,42.0,4.96
CCCCCCCCc1ccc(OCCOCCOCCOCCOCCOCCOCCOCC)cc1,non-ionic,25.0,3.55284196865778,32.0,2.6e-06,0.64,40.0,4.88
CCCCCC(O)OCCOCCOCCOCCOCCOCC,non-ionic,25.0,1.13076828026902,32.0,2.7e-06,0.62,40.0,2.46
CCCCCCCCCC(O)OCCOCCOCCOCCOCCOCC,non-ionic,25.0,3.04575749056068,30.0,3e-06,0.55,42.0,4.28
CCCCCCCCCC(O)OCCOCCOCCOCCOCCOCCOCCOCC,non-ionic,25.0,3.0,35.6,2.38e-06,0.7,36.4,4.22
CCCCCCCCCCCC(O)OCCOCCOCC,non-ionic,25.0,4.2839966563652,27.9,3.98e-06,0.42,44.1,5.34
CCCCCCCCCCCC(O)OCCOCCOCCOCC,non-ionic,25.0,4.19382002601611,28.6,3.63e-06,0.46,43.4,5.33
CCCCCCCCCCCC(O)OCCOCCOCCOCCOCC,non-ionic,25.0,4.19382002601611,30.5,3.33e-06,0.5,41.5,5.37
CCCCCCCCCCCC(O)OCCOCCOCCOCCOCCOCC,non-ionic,25.0,4.06048074738138,31.0,3.7e-06,0.45,41.0,5.04
CCCCCCCCCCCC(O)OCCOCCOCCOCCOCCOCCOCC,non-ionic,25.0,4.08618614761628,33.7,2.9e-06,0.57,38.3,5.26
CCCCCCCCCCCC(O)OCCOCCOCCOCCOCCOCCOCCOCC,non-ionic,25.0,3.96257350205938,34.8,2.52e-06,0.66,37.2,5.2
CCCCCCCCCCCCCC(O)OCCOCCOCCOCCOCCOCCOCCOCC,non-ionic,25.0,5.04575749056068,34.0,3.43e-06,0.48,38.0,5.97
CCCCCCCCCCCCCCC(O)OCCOCCOCCOCCOCCOCCOCCOCC,non-ionic,25.0,5.45593195564972,34.6,3.59e-06,0.46,37.4,6.31
CCCCCCCCCCCCCCCC(O)OCCOCCOCCOCCOCCOCC,non-ionic,25.0,5.77989191195995,32.0,4.4e-06,0.38,40.0,6.58
CCCCCCCCCCCCCCCC(O)OCCOCCOCCOCCOCCOCCOCC,non-ionic,25.0,5.76955107862173,33.0,3.8e-06,0.44,39.0,6.69
CCCCCCCCCCCCCCCCCCN(C)C(=O)COCOCOCO,non-ionic,20.0,5.54515513999149,32.3,3.97e-06,0.418271805333463,39.7,6.46
CCCCCCCCCCCCN(C)C(=O)COCOCOCO,non-ionic,20.0,3.83564714421556,34.4,3.99e-06,0.416175204805475,37.6,4.78
CCCCCCCCCCN(C)C(=O)COCOCOCO,non-ionic,20.0,2.88941028970075,35.9,3.96e-06,0.419328047266123,36.1,3.6
CCCCCCCCCCC(O)CO,non-ionic,25.0,3.74496883665445,22.5,6.3e-06,0.26,49.3,4.56
CCCCCCCCCCOCCOCCOCCOCCOCCO,non-ionic,25.0,3.11918640771921,,3.11e-06,0.53,,
CCCCCCCCCCCCCCCOCCOCCOCCOCCOCCOCCOCCOCCO,non-ionic,25.0,5.45593195564972,34.4,3.67e-06,0.45,37.6,6.29594042889316
CCCCCCCCCCCCCCOCCOCCOCCOCCOCCOCCOCCOCCO,non-ionic,25.0,5.04575749056068,33.8,3.33e-06,0.5,38.2,6.00309310961988
CCCCCCCCCCCCCOCCOCCOCCOCCOCCOCCOCCOCCO,non-ionic,25.0,4.56863623584101,35.1,2.87e-06,0.58,36.9,5.60007125199514
CCCCCCCCCCCCN(CCCNC(=O)C(O)C(O)C(O)C(O)C(O)CO)CCN(CCCCCCCCCCCC)CCCNC(=O)C(O)C(O)C(O)C(O)C(O)CO,non-ionic,25.0,5.2839966563652,33.0,2.51e-06,0.66,39.0,6.6
CCCCCCCCCCCCN(CCCNC(=O)C(O)C(O)C(O)C(O)CO)CCN(CCCCCCCCCCCC)CCCNC(=O)C(O)C(O)C(O)C(O)CO,non-ionic,25.0,5.42021640338319,32.0,2.52e-06,0.66,40.0,6.9
CCCCCCCCN(CCCNC(=O)C(O)C(O)C(O)C(O)CO)CCN(CCCCCCCC)CCCNC(=O)C(O)C(O)C(O)C(O)CO,non-ionic,25.0,4.17392519729917,28.2,2.58e-06,0.64,43.6,5.8
CCOCCOCCOCCOCCOCCOCCOCCOCCOCCOCCOCCOCCOCCOCCOCCSCC[Si](C)(O[Si](C)(C)C)O[Si](C)(C)C,non-ionic,25.0,3.74472749489669,28.0,1.83e-06,0.91,44.0,6.11
CCOCCOCCOCCOCCOCCOCCOCCOCCOCCOCCOCCOCCOCCOCCOCCSCC[Si](O[Si](C)(C)C)(O[Si](C)(C)C)O[Si](C)(C)C,non-ionic,25.0,4.15490195998574,26.7,1.65e-06,1.01,45.3,6.47
CCOCCOCCOCCOCCOCCOCCOCCOCCOCCOCCOCCOCCOCCOCCOCCSCC[Si](O[Si](C)(C)c1cc[c]cc1)(O[Si](C)(C)c1cc[c]cc1)O[Si](C)(C)c1cc[c]cc1,non-ionic,25.0,4.78781239559604,35.4,1.62e-06,1.03,37.1,6.26
C[SiH](O[SiH](C)O[SiH](C)O[Si](C)(CCCOCC1CO1)O[Si](C)(C)C)O[SiH](C)O[Si](C)(C)C,non-ionic,25.0,3.38090666937326,31.2,6.1e-07,2.72,40.8,3.38
C[SiH](O[SiH](C)O[SiH](C)O[Si](C)(CCCOCC1CO1)O[Si](C)(C)C)O[SiH](C)O[Si](C)(C)O[Si](C)(C)O[Si](C)(C)O[Si](C)(C)O[Si](C)(C)C,non-ionic,25.0,3.44855000202712,29.7,4.4e-07,3.78,42.3,3.42
C[SiH](O[SiH](C)O[SiH](C)O[Si](C)(CCCOCC1CO1)O[Si](C)(C)C)O[SiH](C)O[Si](C)(C)O[Si](C)(C)O[Si](C)(C)O[Si](C)(C)O[Si](C)(C)O[Si](C)(C)O[Si](C)(C)O[Si](C)(C)O[Si](C)(C)C,non-ionic,25.0,3.48545224733971,29.0,3.7e-07,4.48,43.0,3.48
CC(CO)OCC(C)OCC(C)OCC(C)OCC(C)OCC(C)OCCOCCOCCOCCOCCOCCOCCOCCOCCOCCOCCOCCOCCOCCOCCOCCOCCOCCOCCOCCOCCOCCOCCOCCOCCOCCOCCOCCCSCCC[Si](C)(C[Si](C)O)C[Si](C)(O)C[Si](C)O,non-ionic,25.0,4.0301183562535,22.1,2.46e-06,0.68,50.4,5.87
CC(CO)OCC(C)OCC(C)OCC(C)OCC(C)OCC(C)OCCOCCOCCOCCOCCOCCOCCOCCOCCOCCOCCOCCOCCOCCOCCOCCOCCOCCOCCOCCOCCOCCOCCOCCOCCOCCOCCOCCCSCCC[Si](C)(C[Si](C)O)C[Si](C)O,non-ionic,25.0,3.90308998699194,25.2,2.78e-06,0.6,47.3,5.69
CCCC[Si](O)C[Si](C)(CCCSCCCOCCOCCOCCOCCOCCOCCOCCOCCOCCOCCOCCOCCOCCOCCOCCOCCOCCOCCOCCOCCOCCOCCOCCOCCOCCOCCOCCOC(C)COC(C)COC(C)COC(C)COC(C)COC(C)CO)C[Si](O)CCCC,non-ionic,25.0,4.18976748200492,37.9,1.99e-06,0.84,34.6,5.42
CCC[Si](O)C[Si](C)(CCCSCCCOCCOCCOCCOCCOCCOCCOCCOCCOCCOCCOCCOCCOCCOCCOCCOCCOCCOCCOCCOCCOCCOCCOCCOCCOCCOCCOCCOC(C)COC(C)COC(C)COC(C)COC(C)COC(C)CO)C[Si](O)CCC,non-ionic,25.0,4.14026143380285,30.4,2.16e-06,0.77,42.1,5.76
CCC[Si](O)C[Si](CCC)(CCCSCCCOCCOCCOCCOCCOCCOCCOCCOCCOCCOCCOCCOCCOCCOCCOCCOCCOCCOCCOCCOCCOCCOCCOCCOCCOCCOCCOCCOC(C)COC(C)COC(C)COC(C)COC(C)COC(C)CO)C[Si](O)CCC,non-ionic,25.0,4.17979854051436,41.6,1.86e-06,0.89,30.9,5.11
CC[Si](O)C[Si](C)(CCCSCCCOCCOCCOCCOCCOCCOCCOCCOCCOCCOCCOCCOCCOCCOCCOCCOCCOCCOCCOCCOCCOCCOCCOCCOCCOCCOCCOCCOC(C)COC(C)COC(C)COC(C)COC(C)COC(C)CO)C[Si](O)CC,non-ionic,25.0,4.09044397075883,27.9,2.42e-06,0.69,44.6,5.81
CC[Si](O)C[Si](CC)(CCCSCCCOCCOCCOCCOCCOCCOCCOCCOCCOCCOCCOCCOCCOCCOCCOCCOCCOCCOCCOCCOCCOCCOCCOCCOCCOCCOCCOCCOC(C)COC(C)COC(C)COC(C)COC(C)COC(C)CO)C[Si](O)CC,non-ionic,25.0,4.14996674231023,39.8,1.98e-06,0.84,32.7,5.28
CCCCCCCCOCCOCCOCCOCCOCCO,non-ionic,25.0,2.03621217265445,28.8,1.4e-06,1.15,43.2,4.7
CCCCCCCCCCCCCCCCCCOCCOCCOCCCCCOCCOCCOCCOCCOCCOCCOCCOCCO,non-ionic,25.0,4.48148606012211,26.27,4.73e-06,0.25,45.7,5.43431668813421
CCCCCCCCCCCCOCCOCCOCCO,non-ionic,25.0,4.2839966563652,27.7,3.98e-06,0.42,44.1,5.353446114627
CCCCCCCCCCCCOCCOCCOCCOCCOCCO,non-ionic,25.0,4.19382002601611,30.3,3.31e-06,0.5,41.5,5.34215555884764
CCCCCCCCCCCCOCCOCCOCCOCCOCCOCCOCCO,non-ionic,25.0,4.08618614761628,33.5,2.9e-06,0.57,38.3,5.20359161961595
CCCCCCCCCCCCOCCOCCOCCOCCOCCOCCOCCOCCO,non-ionic,25.0,3.96257350205938,34.6,2.52e-06,0.66,37.2,5.17201752001525
CCCCCCCCCCCCOCCOCCOCCOCCO,non-ionic,24.85,5.39794000867204,28.4,3.63e-06,0.46,43.3,6.53730006744948
CCCCCCCCC(O)CCO,non-ionic,25.0,2.63827216398241,23.4,5.3e-06,0.32,48.4,3.59
CCCCCCCCCCCCCCC(O)O,non-ionic,25.0,4.88605664769316,26.5,5.1e-06,0.33,45.5,5.77
CCCCCCCCOCCO,non-ionic,25.0,2.30980391997149,26.8,5.2e-06,0.32,45.0,3.17
CCCCCCCCOCCOCCOCCO,non-ionic,25.0,2.30980391997149,27.0,5.2e-06,0.32,45.0,3.15192342849514
COCCOCCOCCOCCOCCOCCOCCCSCCC[Si](C)(O[Si](C)(C)C)O[Si](C)(C)C,non-ionic,25.0,4.31966448658544,22.5,5.47e-06,0.3,50.0,5.23
COCCOCCOCCOCCOCCOCCOCCOCCCSCCC[Si](C)(O[Si](C)(C)C)O[Si](C)(C)C,non-ionic,25.0,4.28066871301627,22.9,5.47e-06,0.37,49.6,5.52
COCCOCCOCCOCCOCCOCCOCCOCCOCCCSCCC[Si](C)(O[Si](C)(C)C)O[Si](C)(C)C,non-ionic,25.0,3.86966623150499,23.1,3.92e-06,0.48,49.4,5.08
COCCOCCOCCOCCOCCOCCOCCOCCOCCCSCCC[Si](O[Si]C(C)C)(O[Si](C)(C)C)O[Si](C)(C)C,non-ionic,25.0,4.11013827874181,23.6,3.79e-06,0.44,48.9,5.31
CC(C)(C)[Si]O[Si](CCCOCCOCCOCCOCC=O)(O[Si]C(C)(C)C)C(C)(C)C,non-ionic,23.0,4.10237290870956,,,,,
CC(C)(C)[Si]O[Si](CCCOCCOCCOCCOCCOCCOCCOCCOCC=O)(O[Si]C(C)(C)C)C(C)(C)C,non-ionic,23.0,4.0,,,,,
CC(C)(C)[Si]O[Si](CCCOCCOCCOCCOCCOCCOCCOCCOCCOCCOCCOCCOCC=O)(O[Si]C(C)(C)C)C(C)(C)C,non-ionic,23.0,3.20065945054642,,,,,
CCCC(CCC)C(O)OCCOCCOCCOCCOCCOCC,non-ionic,25.0,1.63827216398241,,,,,
CCCC(O)OCCOCCOCCOCCOCCOCC,non-ionic,25.0,0.0969100130080563,,,,,
CCCCC(CCCC)C(O)OCCOCCOCCOCCOCCOCC,non-ionic,25.0,2.50863830616573,,,,,
CCCCC(CCCC)C(O)OCCOCCOCCOCCOCCOCCOCCOCCOCC,non-ionic,25.0,2.49485002168009,,,,,
CCCCCCCC(O)OCCOCCOCC,non-ionic,25.0,2.30980391997149,,,,,
CCCCCCCC(O)OCCOCCOCCOCCOCC,non-ionic,25.0,2.03621217265445,,,,,
CCCCCCCC(O)OCCOCCOCCOCCOCCOCC,non-ionic,25.0,2.00436480540245,,,,,
CCCCCCCCCC(O)OCCOCCOCCOCC,non-ionic,25.0,3.16749108729376,,,,,
CCCCCCCCCC(O)OCCOCCOCCOCCOCC,non-ionic,25.0,3.11918640771921,,,,,
CCCCCCCCCCC(=O)N(CCO)CCO,non-ionic,25.0,3.57839607313017,,,,,
CCCCCCCCCCC(=O)NCCOCCOCCOCCO,non-ionic,25.0,3.30102999566398,,,,,
CCCCCCCCCCC(O)OCCOCCOCCOCCOCCOCCOCCOCC,non-ionic,25.0,3.52287874528034,,,,,
CCCCCCCCCCCC(O)OCCOCC,non-ionic,25.0,4.48148606012211,,,,,
CCCCCCCCCCCC(O)OCCOCCOCCOCCOCCOCCOCCOCCOCC,non-ionic,25.0,4.0,,,,,
CCCCCCCCCCCC(O)OCCOCCOCCOCCOCCOCCOCCOCCOCCOCCOCCOCC,non-ionic,25.0,3.85387196432176,,,,,
CCCCCCCCCCCC(O)OCCOCCOCCOCCOCCOCCOCCOCCOCCOCCOCCOCCOCCOCC,non-ionic,25.0,5.67778070526608,,,,,
CCCCCCCCCCCC(O)OCCOCCOCCOCCOCCOCCOCCOCCOCCOCCOCCOCCOCCOCCOCCOCCOCC,non-ionic,25.0,5.63827216398241,,,,,
CCCCCCCCCCCCC(O)OCCOCCOCCOCCOCC,non-ionic,25.0,4.30980391997149,,,,,
CCCCCCCCCCCCCC(O)OCCOCCOCCOCCOCCOCC,non-ionic,25.0,5.0,,,,,
CCCCCCCCCCCCCCCCCCOCCOCCOCCOCCOCCOCCOCCOCCOCCOCCOCCOCCOCCOCCO,non-ionic,25.0,5.50863830616573,,,,,
CCCCCCCCCc1ccccc1CCOCCOCCOCCOCCOCCOCCO,non-ionic,25.0,4.1249387366083,,,,,
CCCCCCCCc1ccccc1CCOCCOCCOCCOCCOCCOCCO,non-ionic,25.0,3.52287874528034,,,,,
CCCCCCCCc1ccccc1CCOCCOCCOCCOCCOCCOCCOCCO,non-ionic,25.0,3.48148606012211,,,,,
CCOCCOCCOCCOCCOCCOC(O)C(C)C,non-ionic,25.0,0.0409586076789063,,,,,
CCOCCOCCOCCOCCOCCOC(O)C(CC)CC,non-ionic,25.0,1.0,,,,,
OCCN(CCO)CCC(F)(F)C(F)(F)C(F)(F)C(F)(F)C(F)(F)C(F)(F)C(F)(F)C(F)(F)F,non-ionic,20.0,3.79588001734408,,,,,
OCCOCCOCCOCCOCCOCCOCCOCCOCCOCCOCCOCCOCCOCCOCCC(F)(F)C(F)(F)C(F)(F)C(F)(F)C(F)(F)C(F)(F)F,non-ionic,20.0,3.21467016498923,,,,,
CC(C)(C)[Si]O[Si](C)(CCSCCOCCOCCOCCOCCOCCOCCOCCOCCOCCOCCOCCOCCOCCOCCOCCO)O[Si]C(C)(C)C,non-ionic,25.0,2.74472749489669,28.0,1.82e-06,0.91,44.0,5.12
CC(C)(C)[Si]O[Si](C)(O[Si]CCSCCOCCOCCOCCOCCOCCOCCOCCOCCOCCOCCOCCOCCOCCOCCOCCO)O[Si]C(C)(C)C,non-ionic,25.0,2.92081875395238,25.8,1.73e-06,0.96,46.2,4.9
CC(C)(C)[Si]O[Si](CCSCCOCCOCCOCCOCCOCCOCCOCCOCCOCCOCCOCCOCCOCCOCCOCCO)(O[Si])O[Si]C(C)(C)C,non-ionic,25.0,3.15490195998574,26.7,1.65e-06,1.01,45.3,5.49
CCC(CC)(CC)[Si]O[Si](C)(CCSCCOCCOCCOCCOCCOCCOCCOCCOCCOCCOCCOCCOCCOCCOCCOCCO)O[Si]C(CC)(CC)CC,non-ionic,25.0,3.04575749056068,28.2,1.41e-06,1.18,43.8,5.51
CC(C)(C)CC(C)(C)c1ccc(OCCOCCOCCOCCOCCO)cc1,non-ionic,24.85,4.0,28.0,,,43.97,
CC(C)(C)CC(C)(C)c1ccc(OCCOCCOCCOCCOCCOCCOCCOCCOCCOCCOCCOCCOCCOCCOCCOCCO)cc1,non-ionic,24.85,3.35753547975788,,,,,
CC(C)(C)CC(C)(C)c1ccc(OCCOCCOCCOCCOCCOCCOCCOCCOCCOCCOCCOCCOCCOCCOCCOCCOCCOCCOCCOCCOCCOCCOCCOCCOCCOCCOCCOCCOCCOCCO)cc1,non-ionic,24.85,3.14266750356873,,,,,
CC(C)(C)CC(C)(C)c1ccc(OCCOCCOCCOCCOCCOCCOCCOCCOCCOCCOCCOCCOCCOCCOCCOCCOCCOCCOCCOCCOCCOCCOCCOCCOCCOCCOCCOCCOCCOCCOCCOCCOCCOCCOCCOCCOCCOCCOCCOCCO)cc1,non-ionic,24.85,3.09151498112135,,,,,
CCCCCCCCC=CCCCCCCCC(=O)OCCOCC(OCCO)C1OC(OCCO)CC1OCCO,non-ionic,24.85,5.0,,,,,
CCCCCCCCCCCC(=O)OCCOCC(OCCO)C1OCC(OCCO)C1OCCO,non-ionic,24.85,4.63827216398241,,,,,
CCCCCCCCCCCCCCCCCC(=O)OCCOCCOCCOCCOCCOCCOCCOCCO,non-ionic,24.85,3.42829116819131,,,,,
CCCCCCCCCCCCCCCCCCOCCOCCOCCOCCOCCOCCOCCOCCOCCOCCO,non-ionic,24.85,5.52287874528034,,,,,
CCCCCCCCCCCCCCCCCCOCCOCCOCCOCCOCCOCCOCCOCCOCCOCCOCCOCCOCCOCCOCCOCCOCCOCCOCCOCCOCCOCCOCCOCCOCCOCCOCCOCCOCCOCCOCCOCCOCCOCCOCCOCCOCCOCCOCCOCCOCCOCCOCCOCCOCCOCCOCCOCCOCCOCCOCCOCCOCCOCCOCCOCCOCCOCCOCCOCCOCCOCCOCCOCCOCCOCCOCCOCCOCCOCCOCCOCCOCCOCCOCCOCCOCCOCCOCCOCCOCCOCCOCCOCCOCCOCCOCCOCCOCCOCCOCCOCCOCCOCCOCCOCCOCCOCCOCCOCCO,non-ionic,24.85,4.69897000433602,,,,,
CCCCCCCCCCCCCCCCOCCOCCOCCOCCOCCOCCOCCOCCOCCOCCO,non-ionic,24.85,5.69897000433602,,,,,
CCCCCCCCCCCCCCCCOCCOCCOCCOCCOCCOCCOCCOCCOCCOCCOCCOCCOCCOCCOCCOCCOCCOCCOCCOCCO,non-ionic,24.85,5.15490195998574,,,,,
CCCCCCCCCCCCOCCOCCOCCOCCOCCOCCOCCOCCOCCOCCOCCOCCOCCOCCOCCOCCOCCOCCOCCOCCOCCOCCOCCO,non-ionic,24.85,4.22184874961636,,,,,
CC(C)(C)CC(C)(C)c1ccc(OCCOCCOCCOCCOCCOCCOCCOCCOCCO)cc1,non-ionic,25.0,3.52287874528034,29.6,,,42.37,
CC(C)(C)CC(C)(C)c1ccc(OCCOCCOCCOCCOCCOCCOCCOCCOCCOCCO)cc1,non-ionic,25.0,3.48148606012211,35.5,,,36.47,
CCCCCCCCCCCCCCCCOCCOCCOCCOCCOCCOCCO,non-ionic,25.0,5.77989191195995,31.8,,,40.2,
CCCCCCCCCCCCCCCCOCCOCCOCCOCCOCCOCCOCCO,non-ionic,25.0,5.76955107862173,32.8,4.37e-06,0.38,39.2,6.53913654069039
CCCCCCCCCCCCCCCCOCCOCCOCCOCCOCCOCCOCCOCCOCCO,non-ionic,25.0,5.67778070526608,35.8,3.13e-06,0.53,36.2,6.58436405859557
CCCCCCCCCCCCCCCCOCCOCCOCCOCCOCCOCCOCCOCCOCCOCCOCCOCCO,non-ionic,25.0,5.63827216398241,38.8,2.31e-06,0.72,33.2,6.63919135125624
CCCCCCCCCCCCCCCCOCCOCCOCCOCCOCCOCCOCCOCCOCCOCCOCCOCCOCCOCCOCCO,non-ionic,25.0,5.50863830616573,39.8,2.05e-06,0.81,32.2,6.55105902071676
CCCCCCCCCCCCCCCCOCCOCCOCCOCCOCCOCCOCCOCCOCCOCCOCCOCCOCCOCCOCCOCCOCCOCCOCCOCCOCCO,non-ionic,25.0,5.4089353929735,44.8,1.38e-06,1.2,27.2,6.32281812918004
CCCCCCCCCCCCCCOCCOCCOCCOCCOCCOCCO,non-ionic,25.0,5.0,32.2,,,39.8,
CCCCCCCCCCCCCOCCOCCOCCOCCOCCO,non-ionic,25.0,4.30980391997149,,,,,
CCCCCCCCCCCCOCCOCCOCCOCCOCCOCCO,non-ionic,25.0,4.06048074738138,30.8,,,41.2,
CCCCCCCCCCOCCOCCOCCOCCO,non-ionic,25.0,3.16749108729376,,,,,
CCCCCCCCCCOCCOCCOCCOCCOCCOCCO,non-ionic,25.0,3.04575749056068,29.8,,,42.2,
CCCCCCCCOCCOCCOCCOCCOCCOCCO,non-ionic,25.0,2.00436480540245,31.8,,,40.2,
CCCCCCCCc1ccc(OCCOCC)cc1,non-ionic,25.0,3.88605664769316,,,,,
CCCCCCCCc1ccc(OCCOCCOCC)cc1,non-ionic,25.0,4.01322826573376,,,,,
CCCCCCCCc1ccc(OCCOCCOCCOCC)cc1,non-ionic,25.0,3.88605664769316,,,,,
CCCCCCCCc1ccc(OCCOCCOCCOCCOCC)cc1,non-ionic,25.0,3.82390874094432,,,,,
CCCCCCCCc1ccc(OCCOCCOCCOCCOCCOCC)cc1,non-ionic,25.0,3.67778070526608,,,,,
CCCCCCOCCOCCOCCO,non-ionic,25.0,1.0,30.4,,,41.57,
CCC=COOCCOCCOCCOCCOCCOCC,non-ionic,25.0,0.049002666011195,,,,,
CCCCC=COOCCOCCOCCOCCOCCOCC,non-ionic,25.0,1.01601307803481,,,,,
CCCCCCCCC(O)[C@H]1OC(O)[C@H](O)[C@@H](O)[C@@H]1O,non-ionic,25.0,1.60205999132796,,,,,
CCCCCCCCC=COOCCOCCOCCOCCOCCOCCOCCOCCOCC,non-ionic,25.0,2.52592949678496,,,,,
CCCCCCCCCC(O)CO,non-ionic,25.0,2.63808338133136,,,,,
CCCCCCCCCC(O)NCCOCCO,non-ionic,25.0,3.58502665202918,,,,,
CCCCCCCCCC(O)NCCOCCOCCOCCO,non-ionic,25.0,2.29903682184045,,,,,
CCCCCCCCCC(O)NCCOCCOCCOCCOCCO,non-ionic,25.0,2.19300648631789,,,,,
CCCCCCCCCCC(O)[C@H]1OC(O)[C@H](O)[C@@H](O)[C@@H]1O,non-ionic,25.0,2.65797231191253,,,,,
CCCCCCCCCCCC(=O)OCCC(CO)COC(CO)COC(CO)COC(CO)CO,non-ionic,25.0,4.40197592766581,,,,,
CCCCCCCCCCCC(=O)OCCC(CO)COC(CO)COC(CO)COC(CO)COC(CO)COC(CO)CO,non-ionic,25.0,4.4459956789881,,,,,
CCCCCCCCCCCC(=O)OCCC(CO)COC(CO)COC(CO)COC(CO)COC(CO)COC(CO)COC(CO)COC(CO)COC(CO)COC(CO)CO,non-ionic,25.0,4.54898154784454,,,,,
CCCCCCCCCCCC(O)NCCOCCO,non-ionic,25.0,3.39804859586648,,,,,
CCCCCCCCCCCC(O)NCCOCCOCCO,non-ionic,25.0,3.29200425357707,,,,,
CCCCCCCCCCCC(O)NCCOCCOCCOCCO,non-ionic,25.0,3.61101121487529,,,,,
CCCCCCCCCCCCC(NCCOCCOCCOCCO)C(=O)O,non-ionic,25.0,3.47404865875199,,,,,
CCCCCCCCCCCCC(O)[C@H]1OC(O)[C@H](O)[C@@H](O)[C@@H]1O,non-ionic,25.0,3.72101788313456,,,,,
CCCCCCCCCCCCC(O)[C@H]1O[C@H](O[C@H]2[C@H](O)[C@@H](O)C(O)O[C@@H]2CO)[C@H](O)[C@@H](O)[C@@H]1O,non-ionic,25.0,3.61996975203217,,,,,
CCCCCCCCCCCCC(O)[C@H]1O[C@H](O[C@]2(CO)O[C@H](CO)[C@@H](O)[C@@H]2O)[C@H](O)[C@@H](O)[C@@H]1O,non-ionic,25.0,3.46903231842809,,,,,
CCCCCCCCCCCCCC(O)CO,non-ionic,25.0,4.88605664769316,,,,,
CCCCCCCCCCCCCCCC=CC(=O)OC(CO)COC(CO)COC(CO)COC(CO)CO,non-ionic,25.0,4.48399376961395,,,,,
CCCCCCCCCCCCCCCC=CC(=O)OC(CO)COC(CO)COC(CO)COC(CO)COC(CO)COC(CO)CO,non-ionic,25.0,4.56193254954651,,,,,
CCCCCCCCCCCCCCCCCC(=O)OCCC(CO)COC(CO)COC(CO)COC(CO)CO,non-ionic,25.0,4.64994590642097,,,,,
CCCCCCCCCCCCCCCCCC(=O)OCCC(CO)COC(CO)COC(CO)COC(CO)COC(CO)COC(CO)CO,non-ionic,25.0,4.55299710153384,,,,,
CCCCCCCCCCCCCCCCCCC(O)[C@H]1O[C@H](O[C@]2(CO)O[C@H](CO)[C@@H](O)[C@@H]2O)[C@H](O)[C@@H](O)[C@@H]1O,non-ionic,25.0,5.29200425357707,,,,,
CCCCCCCCCCCCCCCCCCCCCCCCCCCC[C@]1(C)C[C@@](C)(O)CC(=O)O1,non-ionic,25.0,3.22199353857649,,,,,
CCCCCCCCCCCCCCCCCCOCOC[C@H]1OC(O)[C@H](O)[C@@H](O)[C@@H]1O,non-ionic,25.0,3.69897000433602,,,,,
CCCCCCCCCCCCCCCCCOCOOCCOCCOCCCCCC,non-ionic,25.0,4.57806718672149,,,,,
CCCCCCCCCCCCCCCCOCOC[C@H]1OC(O)[C@H](O)[C@@H](O)[C@@H]1O,non-ionic,25.0,3.85387196432176,,,,,
CCCCCCCCCCCCCCCCOCOC[C@H]1O[C@@H](O[C@@H]([C@H](O)[C@@H](O)CO)[C@H](O)CO)[C@H](O)[C@@H](O)[C@H]1O,non-ionic,25.0,5.11998716163323,,,,,
CCCCCCCCCCCCCCCCOCOC[C@H]1O[C@@H](O[C@H]2[C@H](O)[C@@H](O)[C@H](O)O[C@@H]2CO)[C@H](O)[C@@H](O)[C@H]1O,non-ionic,25.0,5.01999662841625,,,,,
CCCCCCCCCCCCCCCCOOCCOCCOCCOCCOCCOCC,non-ionic,25.0,5.77989191195995,32.0,,,40.0,
CCCCCCCCCCCCCCCCOOCCOCCOCCOCCOCCOCCOCC,non-ionic,25.0,5.77006231409207,33.0,,,39.0,
CCCCCCCCCCCCCCCCOOCCOCCOCCOCCOCCOCCOCCOCC,non-ionic,25.0,5.92118081690115,,,,,
CCCCCCCCCCCCCCCCOOCCOCCOCCOCCOCCOCCOCCOCCOCC,non-ionic,25.0,5.6779875614176,35.8,,,36.2,
CCCCCCCCCCCCCCCCOOCCOCCOCCOCCOCCOCCOCCOCCOCCOCC,non-ionic,25.0,5.69897000433602,,,,,
CCCCCCCCCCCCCCCCOOCCOCCOCCOCCOCCOCCOCCOCCOCCOCCOCCOCC,non-ionic,25.0,5.63808338133136,38.9,,,33.1,
CCCCCCCCCCCCCCCOOCCOCCOCCOCCOCCOCCOCCOCC,non-ionic,25.0,5.45605605751709,34.6,,,37.4,
CCCCCCCCCCCCCCOOCCOCCOCCOCCOCCOCC,non-ionic,25.0,5.0,,,,,
CCCCCCCCCCCCCCOOCCOCCOCCOCCOCCOCCOCCOCC,non-ionic,25.0,5.04599883231843,34.0,,,38.0,
CCCCCCCCCCCCCCOOCCOCCOCCOCCOCCOCCOCCOCCOCC,non-ionic,25.0,5.04599883231843,,,,,
CCCCCCCCCCCCCNCC(=O)OCCOCCOCCOCCO,non-ionic,25.0,3.53298418156156,,,,,
CCCCCCCCCCCCCON(C)CCOCCOCCOCCO,non-ionic,25.0,3.29200425357707,,,,,
CCCCCCCCCCCCCON(C)CCOCCOCCOCCOCCOCCOCCO,non-ionic,25.0,3.18701983396052,,,,,
CCCCCCCCCCCCCON(C)CCOCCOCCOCCOCCOCCOCCOCCOCCOCCO,non-ionic,25.0,3.12499664639996,,,,,
CCCCCCCCCCCCCONCCOCCOCCOCCO,non-ionic,25.0,3.30102999566398,,,,,
CCCCCCCCCCCCCOOCCOCCOCCOCCOCCOCCOCCOCC,non-ionic,25.0,4.56895805466411,,,,,
CCCCCCCCCCCCC[C@H](NCCOCCOCCOCCO)C(=O)O,non-ionic,25.0,3.41296288225654,,,,,
CCCCCCCCCCCCNCC(=O)NCOCC(CO)OCC(O)COCCCCCCCCCCCCNCC(=O)NCOCC(CO)OCC(O)COCC,non-ionic,25.0,5.41998788747058,,,,,
CCCCCCCCCCCCNCC(=O)NCOCC(O)C(O)C(O)COCCCCCCCCCCCCNCC(=O)NCOCC(O)C(O)C(O)COCC,non-ionic,25.0,5.2839966563652,,,,,
CCCCCCCCCCCCOC(O)C(O)C(O)C(O)C(O)C(O)C(O)C(O)C(O)CO,non-ionic,25.0,3.73992861201493,,,,,
CCCCCCCCCCCCOCOC[C@H]1OC(O)[C@H](O)[C@@H](O)[C@@H]1O,non-ionic,25.0,3.63808338133136,,,,,
CCCCCCCCCCCCOCOC[C@H]1O[C@@H](O[C@@H]([C@H](O)[C@@H](O)CO)[C@H](O)CO)[C@H](O)[C@@H](O)[C@H]1O,non-ionic,25.0,3.36997914888659,,,,,
CCCCCCCCCCCCOCOOCCOCCOCCCCCC,non-ionic,25.0,4.43997375108711,,,,,
CCCCCCCCCCCCOOCC,non-ionic,25.0,4.63808338133136,,,,,
CCCCCCCCCCCCOOCCOCC,non-ionic,25.0,4.48095996135166,,,,,
CCCCCCCCCCCCOOCCOCCOCC,non-ionic,25.0,4.2839966563652,27.9,,,44.1,
CCCCCCCCCCCCOOCCOCCOCCOCC,non-ionic,25.0,4.19402364928244,28.6,,,43.4,
CCCCCCCCCCCCOOCCOCCOCCOCCOCC,non-ionic,25.0,4.19402364928244,30.5,,,41.5,
CCCCCCCCCCCCOOCCOCCOCCOCCOCCOCC,non-ionic,25.0,4.05998184499234,31.0,,,41.0,
CCCCCCCCCCCCOOCCOCCOCCOCCOCCOCCOCC,non-ionic,25.0,4.08597434830367,33.7,,,38.3,
CCCCCCCCCCCCOOCCOCCOCCOCCOCCOCCOCCOCC,non-ionic,25.0,4.0,34.8,,,37.2,
CCCCCCCCCCCCOOCCOCCOCCOCCOCCOCCOCCOCCOCC,non-ionic,25.0,4.0,36.0,,,36.0,
CCCCCCCCCCCCOOCCOCCOCCOCCOCCOCCOCCOCCOCCOCCOCCOCC,non-ionic,25.0,3.85387196432176,40.0,,,32.0,
CCCCCCCCCCCCOOCCOCCOCCOCCOCCOCCOCCOCCOCCOCCOCCOCCOCCOCC,non-ionic,25.0,4.26003230324049,35.3,,,36.7,
CCCCCCCCCCCOC1[CH][C@H](O)[C@@H](O)C(O)O1,non-ionic,25.0,3.52302353424047,,,,,
CCCCCCCCCCCOOCCOCCOCCOCCOCCOCCOCCOCC,non-ionic,25.0,3.52302353424047,,,,,
CCCCCCCCCCOC1[CH][C@H](O)[C@@H](O)C(O)O1,non-ionic,25.0,3.09199779882745,,,,,
CCCCCCCCCCOOCCOCCOCCOCC,non-ionic,25.0,3.16698045292347,,,,,
CCCCCCCCCCOOCCOCCOCCOCCOCC,non-ionic,25.0,3.10001543745061,,,,,
CCCCCCCCCCOOCCOCCOCCOCCOCCOCC,non-ionic,25.0,3.04599883231843,30.0,,,42.0,
CCCCCCCCCCOOCCOCCOCCOCCOCCOCCOCC,non-ionic,25.0,3.01497791789047,,,,,
CCCCCCCCCCOOCCOCCOCCOCCOCCOCCOCCOCC,non-ionic,25.0,3.0,35.6,,,36.4,
CCCCCCCCCCOOCCOCCOCCOCCOCCOCCOCCOCCOCC,non-ionic,25.0,2.88605664769316,,,,,
CCCCCCCCCOC1[CH][C@H](O)[C@@H](O)C(O)O1,non-ionic,25.0,2.6779875614176,,,,,
CCCCCCCCCOCOC1[CH][C@H](O)[C@@H](O)C(O)O1,non-ionic,25.0,2.74496883665445,,,,,
CCCCCCCCCc1ccccc1OOCCOCC,non-ionic,25.0,3.37695756575362,,,,,
CCCCCCCCCc1ccccc1OOCCOCCOCCOCCOCC,non-ionic,25.0,3.32799455497705,,,,,
CCCCCCCCCc1ccccc1OOCCOCCOCCOCCOCCOCCOCCOCCOCCOCCOCCOCC,non-ionic,25.0,3.30102999566398,,,,,
CCCCCCCCNCC(=O)NCOCC(CO)OCC(O)COCCCCCCCCNCC(=O)NCOCC(CO)OCC(O)COCC,non-ionic,25.0,4.1739900222089,,,,,
CCCCCCCCOC1[CH][C@H](O)[C@@H](O)C(O)O1,non-ionic,25.0,2.1739900222089,,,,,
CCCCCCCCOCC(O)CO,non-ionic,25.0,2.23702150913226,,,,,
CCCCCCCCOCOC1[CH][C@H](O)[C@@H](O)C(O)O1,non-ionic,25.0,2.35704112059021,,,,,
CCCCCCCCOCOC[C@H]1O[C@@H](O[C@@H]([C@H](O)[C@@H](O)CO)[C@H](O)CO)[C@H](O)[C@@H](O)[C@H]1O,non-ionic,25.0,2.56098327161249,,,,,
CCCCCCCCOOCC,non-ionic,25.0,2.3099812192113,,,,,
CCCCCCCCOOCCOCCOCC,non-ionic,25.0,2.12499664639996,,,,,
CCCCCCCCOOCCOCCOCCOCCOCC,non-ionic,25.0,1.95900230757651,,,,,
CCCCCCCCOOCCOCCOCCOCCOCCOCC,non-ionic,25.0,2.0040140020862,,,,,
CCCCCCCCOOCCOCCOCCOCCOCCOCCOCCOCCOCC,non-ionic,25.0,1.88605664769316,,,,,
CCCCCCCCc1ccccc1OOCC,non-ionic,25.0,4.30495634117871,,,,,
CCCCCCCCc1ccccc1OOCCOCC,non-ionic,25.0,4.11599807523121,,,,,
CCCCCCCCc1ccccc1OOCCOCCOCC,non-ionic,25.0,4.01300446027562,,,,,
CCCCCCCCc1ccccc1OOCCOCCOCCOCC,non-ionic,25.0,3.88605664769316,,,,,
CCCCCCCCc1ccccc1OOCCOCCOCCOCCOCC,non-ionic,25.0,3.82390874094432,,,,,
CCCCCCCCc1ccccc1OOCCOCCOCCOCCOCCOCC,non-ionic,25.0,3.6779875614176,30.0,,,42.0,
CCCCCCCCc1ccccc1OOCCOCCOCCOCCOCCOCCOCC,non-ionic,25.0,3.60205999132796,,,,,
CCCCCCCCc1ccccc1OOCCOCCOCCOCCOCCOCCOCCOCC,non-ionic,25.0,3.55299710153384,32.0,,,40.0,
CCCCCCCCc1ccccc1OOCCOCCOCCOCCOCCOCCOCCOCCOCC,non-ionic,25.0,3.52302353424047,33.5,,,38.5,
CCCCCCCCc1ccccc1OOCCOCCOCCOCCOCCOCCOCCOCCOCCOCC,non-ionic,25.0,3.48095996135166,35.0,,,37.0,
CCCCCCCCc1ccccc1OOCCOCCOCCOCCOCCOCCOCCOCCOCCOCCOCCOCCOCCOCCOCCOCCOCCOCCOCCOCCOCCOCCOCCOCCOCCOCCOCCOCCOCCOCC,non-ionic,25.0,3.95900230757651,,,,,
CCCCCCCCc1ccccc1OOCCOCCOCCOCCOCCOCCOCCOCCOCCOCCOCCOCCOCCOCCOCCOCCOCCOCCOCCOCCOCCOCCOCCOCCOCCOCCOCCOCCOCCOCCOCCOCCOCCOCCOCCOCCOCCOCCOCCOCC,non-ionic,25.0,4.11901500951325,,,,,
CCCCCCCOC1[CH][C@H](O)[C@@H](O)C(O)O1,non-ionic,25.0,2.03602339000339,,,,,
CCCCCCCOCOC1[CH][C@H](O)[C@@H](O)C(O)O1,non-ionic,25.0,1.74496883665445,,,,,
CCCCCCOC1[CH][C@H](O)[C@@H](O)C(O)O1,non-ionic,25.0,2.02701077314465,,,,,
CCCCCCOCOC1[CH][C@H](O)[C@@H](O)C(O)O1,non-ionic,25.0,2.0,,,,,
CCCCCCOOCCOCCOCCOCCOCC,non-ionic,25.0,1.01700554534134,,,,,
CCCCCCSC1[CH][C@H](O)[C@@H](O)C(O)O1,non-ionic,25.0,1.79588001734408,,,,,
CCCCCOC1[CH][C@H](O)[C@@H](O)C(O)O1,non-ionic,25.0,1.41998788747058,,,,,
CCCCCOCOC1[CH][C@H](O)[C@@H](O)C(O)O1,non-ionic,25.0,1.23702150913226,,,,,
CCCCCSC1[CH][C@H](O)[C@@H](O)C(O)O1,non-ionic,25.0,1.33695902510603,,,,,
CCCCOC1[CH][C@H](O)[C@@H](O)C(O)O1,non-ionic,25.0,1.23702150913226,,,,,
CCCCOCOC1[CH][C@H](O)[C@@H](O)C(O)O1,non-ionic,25.0,0.921180816901151,,,,,
CCCCOOCC,non-ionic,25.0,0.0089955596692448,,,,,
CCCCOOCCOCCOCCOCCOCCOCC,non-ionic,25.0,0.110026361596004,,,,,
CCCCSC1[CH][C@H](O)[C@@H](O)C(O)O1,non-ionic,25.0,0.744968836654449,,,,,
CCCOCCOC(=O)C(N)CCC(F)(F)C(F)(F)C(F)(F)C(F)(F)C(F)(F)C(F)(F)C(F)(F)C(F)(F)F,non-ionic,25.0,4.61996975203217,,,,,
CCCOCCOC(=O)C(N)CCC(F)(F)C(F)(F)C(F)(F)C(F)(F)F,non-ionic,25.0,2.00899555966925,,,,,
CCCOCCOCCOC(=O)C(N)CCC(F)(F)C(F)(F)C(F)(F)C(F)(F)C(F)(F)C(F)(F)C(F)(F)C(F)(F)F,non-ionic,25.0,4.95900230757651,,,,,
CCCOCCOCCOC(=O)C(N)CCC(F)(F)C(F)(F)C(F)(F)C(F)(F)C(F)(F)C(F)(F)F,non-ionic,25.0,4.04599883231843,,,,,
CCCOCCOCCOC(=O)C(N)CCC(F)(F)C(F)(F)C(F)(F)C(F)(F)F,non-ionic,25.0,2.85387196432176,,,,,
COCCCOCCNC(=O)CC(F)(F)C(F)(F)C(F)(F)C(F)(F)C(F)(F)C(F)(F)C(F)(F)C(F)(F)C(F)(F)C(F)(F)F,non-ionic,25.0,6.52302353424047,,,,,
COCCOCCOCCCC(F)(F)C(F)(F)C(F)(F)C(F)(F)C(F)(F)C(F)(F)F,non-ionic,25.0,4.0970186002025,,,,,
COCCOCCOCCCC(F)(F)C(F)(F)C(F)(F)C(F)(F)C(F)(F)C(F)F,non-ionic,25.0,3.52302353424047,,,,,
COCCOCCOCCCC(F)(F)C(F)(F)C(F)(F)C(F)F,non-ionic,25.0,2.0970186002025,,,,,
COCCOCCOCCCOCCOCCOCCNC(=O)CC(F)(F)C(F)(F)C(F)(F)C(F)(F)C(F)(F)C(F)(F)C(F)(F)C(F)(F)F,non-ionic,25.0,4.92118081690115,,,,,
COCCOCCOCCCOCCOCCOCCNC(=O)CC(F)(F)C(F)(F)C(F)(F)C(F)(F)C(F)(F)C(F)(F)F,non-ionic,25.0,3.26003230324049,,,,,
OCCOCCOCCOCCOCCOCCOCCOCCSCCC(F)(F)C(F)(F)C(F)(F)C(F)(F)C(F)(F)C(F)(F)F,non-ionic,25.0,4.3190302815341,,,,,
OCCOCCOCCOCCOCCOCCSCCC(F)(F)C(F)(F)C(F)(F)C(F)(F)C(F)(F)C(F)(F)F,non-ionic,25.0,4.43203309317685,,,,,
OCCOCCOCCOCCSCCC(F)(F)C(F)(F)C(F)(F)C(F)(F)C(F)(F)C(F)(F)F,non-ionic,25.0,4.55299710153384,,,,,
OCCOCCOCCSCCC(F)(F)C(F)(F)C(F)(F)C(F)(F)C(F)(F)C(F)(F)F,non-ionic,25.0,4.60205999132796,,,,,
OCCOCCSCCOCCSCCOCCSCCC(F)(F)C(F)(F)C(F)(F)C(F)(F)C(F)(F)C(F)(F)F,non-ionic,25.0,4.58502665202918,,,,,
OCCOCCSCCOCCSCCOCCSCCOCCSCCC(F)(F)C(F)(F)C(F)(F)C(F)(F)C(F)(F)C(F)(F)F,non-ionic,25.0,4.46903231842809,,,,,
CC(C)(C)CC(C)(C)c1ccc(OCCO)cc1,non-ionic,,,35.0,,,,
CC(C)(C)CC(C)(C)c1ccc(OCCOCCO)cc1,non-ionic,,,31.5,,,,
CC(C)(C)CC(C)(C)c1ccc(OCCOCCOCCO)cc1,non-ionic,,,29.0,,,,
CC(C)(C)CC(C)(C)c1ccc(OCCOCCOCCOCCO)cc1,non-ionic,,,27.0,,,,
CC(C)(C)CC(C)(C)c1ccc(OCCOCCOCCOCCOCCOCCO)cc1,non-ionic,,,28.8,,,,
CC(C)(C)CC(C)(C)c1ccc(OCCOCCOCCOCCOCCOCCOCCO)cc1,non-ionic,,,28.1,,,,
CC(C)(C)CC(C)(C)c1ccc(OCCOCCOCCOCCOCCOCCOCCOCCO)cc1,non-ionic,,,32.5,,,,
CC(C)COCCOCCOCCOCCOCCOCCO,non-ionic,,,35.0,,,,
CCC(CC)COCCOCCOCCOCCOCCOCCO,non-ionic,,,33.6,,,,
CCCC(CCC)COCCOCCOCCOCCOCCOCCO,non-ionic,,,31.7,,,,
CCCCC(CCCC)COCCOCCOCCOCCOCCOCCOCCOCCOCCO,non-ionic,,,32.6,,,,
CCCCCCCCC(O)C(O)CCCCCCCC(=O)NCCCO,non-ionic,,,39.0,,,,
CCCCCCCCC(O)C(O)CCCCCCCC(=O)NCCO,non-ionic,,,35.0,,,,
CCCCCCCCCC(=O)OC(C)C(=O)NCCCN(C)C,non-ionic,,,33.0,,,,
CCCCCCCCCCC(=O)OC(C)C(=O)NCCCN(C)C,non-ionic,,,34.1,,,,
CCCCCCCCCCC(O)CCO,non-ionic,,,23.5,,,,
CCCCCCCCCCCC(=O)NCCOCCOCCOCCO,non-ionic,,,30.5,,,,
CCCCCCCCCCCC(=O)OC(C)C(=O)NCCCN(C)C,non-ionic,,,27.8,,,,
CCCCCCCCCCCCC(O)CCO,non-ionic,,,26.3,,,,
CCCCCCCCCCCCCC(=O)OC(C)C(=O)NCCCN(C)C,non-ionic,,,26.5,,,,
CCCCCCCCCCCCCCCC(=O)OC(C)C(=O)NCCCN(C)C,non-ionic,,,33.4,,,,
CCCCCCCCCCCCCCCCCC(=O)OC(C)C(=O)NCCCN(C)C,non-ionic,,,29.0,,,,
CCCCCCCCCCCCCCCCCCN(C)C(=O)C(O)C(O)C(O)C(O)CO,non-ionic,,,32.1,,,,
CCCCCCCCCCCCCCCCN(C)C(=O)C(O)C(O)C(O)C(O)CO,non-ionic,,,33.3,,,,
CCCCCCCCCCCCCCCCOCCOCCOCCOCCOCCOCCOCCOCCOCCOCCOCCOCCOCCOCCOCCOCCOCCO,non-ionic,,,39.7,,,,
CCCCCCCCCCCCCCCCOCCOCCOCCOCCOCCOCCOCCOCCOCCOCCOCCOCCOCCOCCOCCOCCOCCOCCOCCOCCOCCOCCOCCOCCOCCOCCOCCOCCOCCOCCOCCOCCOCCOCCOCCOCCOCCOCCOCCOCCOCCOCCOCCOCCO,non-ionic,,,44.7,,,,
CCCCCCCCCCCCCCCCOCCOCCOCCOCCOCCOCCOCCOCCOCCOCCOCCOCCOCCOCCOCCOCCOCCOCCOCCOCCOCCOCCOCCOCCOCCOCCOCCOCCOCCOCCOCCOCCOCCOCCOCCOCCOCCOCCOCCOCCOCCOCCOCCOCCOCCOCCOCCOCCOCCOCCOCCOCCOCCOCCOCCOCCOCCOCCOCCOCCOCCOCCOCCO,non-ionic,,,47.5,,,,
CCCCCCCCCCCCCCN(C)C(=O)C(O)C(O)C(O)C(O)CO,non-ionic,,,34.0,,,,
CCCCCCCCCCCCN(C)C(=O)C(O)C(O)C(O)C(O)CO,non-ionic,,,34.2,,,,
CCCCCCCCCCCCN(C)C.Cl,non-ionic,,,38.5,,,,
CCCCCCCCCCCCOCCOCCOCCOCCOCCOCCOCCOCCOCCO,non-ionic,,,35.8,,,,
CCCCCCCCCCCCOCCOCCOCCOCCOCCOCCOCCOCCOCCOCCOCCOCCO,non-ionic,,,39.8,,,,
CCCCCCCCCCN(C)C(=O)C(O)C(O)C(O)C(O)CO,non-ionic,,,35.7,,,,
CCCCCCCCCCOCCOCCOCCOCCOCCOCCOCCOCCO,non-ionic,,,35.4,,,,
CCCCCCCCOC(CO)CO,non-ionic,,,24.7,,,,
CCCCCCCCOCCOCCOCCOCCO,non-ionic,,,30.5,,,,
CCCCCCCCc1ccc(OCCOCCOCCOCCOCCOCCOCCO)cc1,non-ionic,,,29.8,,,,
CCCCCCCCc1ccc(OCCOCCOCCOCCOCCOCCOCCOCCO)cc1,non-ionic,,,31.8,,,,
CCCCCCCCc1ccc(OCCOCCOCCOCCOCCOCCOCCOCCOCCO)cc1,non-ionic,,,33.3,,,,
CCCCCCCCc1ccc(OCCOCCOCCOCCOCCOCCOCCOCCOCCOCCO)cc1,non-ionic,,,34.8,,,,
CCCCCCOCCOCCOCCOCCO,non-ionic,,,32.0,,,,
CCCCCCOCCOCCOCCOCCOCCO,non-ionic,,,33.0,,,,
CCCCCCOCCOCCOCCOCCOCCOCCO,non-ionic,,,31.8,,,,
CCCCCOCCOCCOCCOCCOCCOCCO,non-ionic,,,34.3,,,,
CCCCCCCCCCCCNC(=O)C(O)C(O)C(OC1OC(CO)C(O)C(O)C1O)C(O)CO,sugar-based non-ionic,25.0,3.50863830616573,33.6,3.83e-06,0.43,38.4,4.4
CCCCCCCCCCNC(=O)C(O)C(O)C(OC1OC(CO)C(O)C(O)C1O)C(O)CO,sugar-based non-ionic,25.0,2.88605664769316,33.9,4.57e-06,0.36,38.1,3.6
CCCCCCCCCNC(=O)C(O)C(O)C(OC1OC(CO)C(O)C(O)C1O)C(O)CO,sugar-based non-ionic,25.0,2.24412514432751,31.8,4.26e-06,0.39,40.2,3.1
CCCCCCCNC(=O)C(O)C(O)C(OC1OC(CO)C(O)C(O)C1O)C(O)CO,sugar-based non-ionic,25.0,1.08092190762393,32.2,2.53e-06,0.66,39.8,2.5
CCCCCCCCCCCCCCCCCCN(C)C(=O)[C@H](O)[C@@H](O)[C@H](O[C@@H]1O[C@H](C)[C@H](O)[C@H](O)[C@H]1O)[C@H](O)CO,sugar-based non-ionic,20.0,5.48148606012211,34.6,3.96e-06,0.42,38.2,6.34
CCCCCCCCCCCCCCCCCCNC(=O)C(O)C(O)C(OC1OC(CO)C(O)C(O)C1O)C(O)CO,sugar-based non-ionic,20.0,5.48148606012211,33.8,3.96e-06,0.42,38.2,6.3
CCCCCCCCCCCCCCCCN(C)C(=O)[C@H](O)[C@@H](O)[C@H](O[C@@H]1O[C@H](C)[C@H](O)[C@H](O)[C@H]1O)[C@H](O)CO,sugar-based non-ionic,20.0,5.03151705144607,35.6,3.76e-06,0.44,37.2,6.0
CCCCCCCCCCCCCCCCNC(=O)C(O)C(O)C(OC1OC(CO)C(O)C(O)C1O)C(O)CO,sugar-based non-ionic,20.0,5.03151705144607,34.8,3.76e-06,0.44,37.2,6.0
CCCCCCCCCCCCCCN(C)C(=O)[C@H](O)[C@@H](O)[C@H](O)[C@H](O)CO,sugar-based non-ionic,20.0,4.61978875828839,35.0,3.97e-06,0.42,37.8,5.6
CCCCCCCCCCCCCCN(C)C(=O)[C@H](O)[C@@H](O)[C@H](O[C@@H]1O[C@H](C)[C@H](O)[C@H](O)[C@H]1O)[C@H](O)CO,sugar-based non-ionic,20.0,4.44369749923271,35.7,3.76e-06,0.44,37.1,5.4
CCCCCCCCCCCCCCNC(=O)C(O)C(O)C(OC1OC(O)C(O)C(O)C1O)C(O)CO,sugar-based non-ionic,20.0,4.43889861635094,34.9,3.76e-06,0.44,37.1,5.4
CCCCCCCCCCCCN(C)C(=O)[C@H](O)[C@@H](O)[C@H](O)[C@H](O)CO,sugar-based non-ionic,20.0,3.85387196432176,35.2,4.4e-06,0.42,37.6,4.0
CCCCCCCCCCCCN(C)C(=O)[C@H](O)[C@@H](O)[C@H](O[C@@H]1O[C@H](C)[C@H](O)[C@H](O)[C@H]1O)[C@H](O)CO,sugar-based non-ionic,20.0,3.60205999132796,36.0,3.98e-06,0.42,36.8,4.5
CCCCCCCCCCN(C)C(=O)[C@H](O)[C@@H](O)[C@H](O)[C@H](O)CO,sugar-based non-ionic,25.0,2.88605664769316,36.1,3.96e-06,0.42,36.1,3.6
CCCCCCCCCCN(C)C(=O)[C@H](O)[C@@H](O)[C@H](O[C@@H]1O[C@H](C)[C@H](O)[C@H](O)[C@H]1O)[C@H](O)CO,sugar-based non-ionic,20.0,2.63827216398241,38.9,4.14e-06,0.4,33.9,3.3
CCCCCCCCCCNC(=O)[C@H](O)[C@@H](O)[C@H](O[C@@H]1O[C@H](C)[C@H](O)[C@H](O)[C@H]1O)[C@H](O)CO,sugar-based non-ionic,25.0,2.88605664769316,33.0,3.96e-06,0.42,36.1,3.6
CCCCCCCCCC(=O)CC(=O)NC1CCOC1=O,sugar-based non-ionic,25.0,4.01322826573376,43.8,3.76e-06,0.44,28.2,6.01
CCCCCCCCCCOCCOCCOCCOCCOCCOCCOCCOCCOCCO,sugar-based non-ionic,25.0,2.88605664769316,35.9,3.96e-06,0.42,36.1,3.6
CCCCCCCCCCCCO[C@@H]1O[C@H](CO)[C@H](O)[C@H](O)[C@H]1O,sugar-based non-ionic,25.0,3.69897000433602,31.5,3.26e-06,0.51,40.47,4.80044165597555
CCCCCCCCCCCCO[C@H]1O[C@H](CO)[C@@H](O)[C@H](O)[C@@H]1O,sugar-based non-ionic,25.0,4.30102999566398,28.4,3.08e-06,0.54,43.57,5.6431716331448
CCCCCCCCCCO[C@@H]1O[C@H](CO)[C@H](O)[C@H](O)[C@H]1O,sugar-based non-ionic,25.0,3.15490195998574,28.0,3.13e-06,0.53,43.97,4.49798840936277
CCCCCCCCCCO[C@H]1O[C@H](CO)[C@@H](O)[C@H](O)[C@@H]1O,sugar-based non-ionic,25.0,3.60205999132796,28.5,2.31e-06,0.53,43.47,5.38399945352001
CCCCCCCCO[C@@H]1O[C@H](CO)[C@@H](O)[C@H](O)[C@H]1O,sugar-based non-ionic,25.0,1.69897000433602,30.5,3.46e-06,0.48,41.47,2.78739729974578
CCCCCCCCO[C@@H]1O[C@H](CO)[C@H](O)[C@H](O)[C@H]1O,sugar-based non-ionic,25.0,1.79588001734408,30.5,3.46e-06,0.48,41.47,2.88430731275384
CCCCCCCCO[C@H]1O[C@H](CO)[C@@H](O)[C@H](O)[C@@H]1O,sugar-based non-ionic,25.0,2.22184874961636,30.5,3.46e-06,0.48,41.47,3.31027604502612
CCCCCCCCCCCCCCCC(=O)NC(O)[C@H]1O[C@@H](O[C@@H]([C@H](O)[C@@H](O)CO)[C@H](O)CO)[C@H](O)[C@@H](O)[C@H]1O,sugar-based non-ionic,25.0,4.75696195131371,36.5,3.36e-06,0.494,35.47,5.46
CCCCCCCCCCCCCCCCCC(=O)NC(O)[C@H]1O[C@@H](O[C@@H]([C@H](O)[C@@H](O)CO)[C@H](O)CO)[C@H](O)[C@@H](O)[C@H]1O,sugar-based non-ionic,25.0,5.25026368443094,35.7,3.32e-06,0.499,36.27,5.95
CCCCCCCCCC(=O)NC(O)[C@H]1O[C@@H](O[C@@H]([C@H](O)[C@@H](O)CO)[C@H](O)CO)[C@H](O)[C@@H](O)[C@H]1O,sugar-based non-ionic,25.0,2.48148606012211,40.3,3.29e-06,0.504,31.67,3.06
CCCCCCCCCCCC(=O)NC(O)[C@H]1O[C@@H](O[C@@H]([C@H](O)[C@@H](O)CO)[C@H](O)CO)[C@H](O)[C@@H](O)[C@H]1O,sugar-based non-ionic,25.0,3.34969247686806,37.2,3.32e-06,0.499,34.77,4.02
CCCCCCCCCCCCCC(=O)NC(O)[C@H]1O[C@@H](O[C@@H]([C@H](O)[C@@H](O)CO)[C@H](O)CO)[C@H](O)[C@@H](O)[C@H]1O,sugar-based non-ionic,25.0,4.17005330405836,37.0,3.26e-06,0.508,34.97,4.87
CCCCCCCCCCCC(=O)N(C)CC(=O)O,sugar-based non-ionic,25.0,3.63078414258986,26.1,4.34e-06,0.38,45.87,4.67
Cc1cccc(C(=O)N(C)CCCCCCCCCCCC=O)c1C,sugar-based non-ionic,25.0,3.44369749923271,28.0,4.24e-06,0.39,43.97,4.44
CCCCCCCCCCC(=O)OC(O)[C@H]1O[C@H](OC[C@H]2O[C@H](O[C@]3(CO)O[C@H](CO)[C@@H](O)[C@@H]3O)[C@H](O)[C@@H](O)[C@@H]2O)[C@H](O)[C@@H](O)[C@H]1O,sugar-based non-ionic,20.0,3.02227639471115,44.1,2.48e-06,0.67,28.65,3.58976531784512
CCCCCCCCCCC(=O)OC(O)[C@H]1O[C@H](O[C@]2(CO)O[C@H](CO)[C@@H](O)[C@@H]2O)[C@H](O)[C@@H](O)[C@@H]1O,sugar-based non-ionic,20.0,3.33724216831843,37.4,2.97e-06,0.56,35.35,4.21298861714571
CCCCCCCCCOC([C@@H](O)C(O)[C@@H](O)CO)[C@@H](O)CO,sugar-based non-ionic,25.0,2.67778070526608,,5.7e-06,0.57,,3.4
CCCCCCCCOC([C@@H](O)C(O)[C@@H](O)CO)[C@@H](O)CO,sugar-based non-ionic,25.0,2.17392519729917,,3.4e-06,0.49,,3.4
CCCCCCCOC([C@@H](O)C(O)[C@@H](O)CO)[C@@H](O)CO,sugar-based non-ionic,25.0,2.03621217265445,,4.6e-06,0.36,,2.9
CCCCCCC(CCCCCCCOC[C@H]1OC(O)[C@@H](O)[C@@H](O)[C@@H]1O)C(CC)SCCC,sugar-based non-ionic,25.0,5.20065945054642,28.5,5.3e-06,0.31,43.47,5.97731608406786
CC(C)CCCC(C)CCOC1OC(CO)C(OC2OC(CO)C(O)C(O)C2O)C(O)C1O,sugar-based non-ionic,25.0,2.27572413039921,33.7,3.5e-06,0.47,38.27,3.19156518675476
CC(C)CCCC(C)CCOC1OC(CO)C(OC2OC(CO)C(OC3OC(CO)C(O)C(O)C3O)C(O)C2O)C(O)C1O,sugar-based non-ionic,25.0,2.30102999566398,39.6,3.1e-06,0.52,32.37,3.00167342675566
CC(C)CCCC(C)CCO[C@@H]1O[C@H](CO)[C@@H](O)[C@H](O)[C@H]1O,sugar-based non-ionic,25.0,2.39794000867204,27.7,4.4e-06,0.38,44.27,3.36530565500885
CCCCCCCCCCSC(O)[C@H]1OC(=O)[C@@H](O)[C@@H]1O,sugar-based non-ionic,20.0,4.48148606012211,28.0,5.01e-06,0.33,44.75,5.4
CCCCCCCCCCSC[C@H](O)[C@H](O)[C@@H](O)CO,sugar-based non-ionic,20.0,3.39794000867204,28.2,3.63e-06,0.46,44.55,5.4
CCCCCCCCSC(O)[C@H]1OC(=O)[C@@H](O)[C@@H]1O,sugar-based non-ionic,20.0,3.31875876262441,24.1,4.38e-06,0.38,48.65,4.7
CCCCCCCCSC1OC(=O)[C@H](O)[C@@H](O)[C@@H]1O,sugar-based non-ionic,20.0,3.27572413039921,25.7,4.72e-06,0.35,47.05,4.4
CCCCCCCCSC[C@@H](O)[C@@H](O)[C@@H](O)CO,sugar-based non-ionic,20.0,3.42021640338319,34.8,3.75e-06,0.44,37.95,5.6
CCCCCCCCSC[C@@H](O)[C@@H](O)[C@H](O)CO,sugar-based non-ionic,20.0,2.74472749489669,29.3,3.94e-06,0.42,43.45,5.2
CCCCCCCCSC[C@H](O)[C@H](O)[C@@H](O)CO,sugar-based non-ionic,20.0,2.92081875395238,33.0,3.59e-06,0.46,39.75,5.4
CCCCCCSC(O)[C@H]1OC(=O)[C@@H](O)[C@@H]1O,sugar-based non-ionic,20.0,2.17392519729917,25.1,3.35e-06,0.5,47.65,3.4
CCCCCCSC1OC(=O)[C@H](O)[C@@H](O)[C@@H]1O,sugar-based non-ionic,20.0,2.30102999566398,26.3,4.12e-06,0.4,46.45,3.4
CCCCCCSC[C@@H](O)[C@@H](O)[C@@H](O)CO,sugar-based non-ionic,20.0,1.99139982823808,27.2,2.52e-06,0.66,45.55,3.3
CCCCCCSC[C@@H](O)[C@@H](O)[C@H](O)CO,sugar-based non-ionic,20.0,1.74472749489669,30.0,2.51e-06,0.66,42.75,3.3
CCCCCCSC[C@H](O)[C@H](O)[C@@H](O)CO,sugar-based non-ionic,20.0,1.92081875395238,28.2,2.33e-06,0.71,44.55,3.7
CCCCCCCC(O)CO,sugar-based non-ionic,25.0,2.30980391997149,26.7,5.2e-06,0.32,45.27,3.16202886259742
CCCCCCCCOC[C@@H](O)CO,sugar-based non-ionic,25.0,2.23657200643706,24.5,5.2e-06,0.32,47.47,3.16290346581308
CCCCCCCCCCCCOCC1OC(OC2C(CO)OC(O)C(O)C2O)C(O)C(O)C1O,sugar-based non-ionic,22.0,3.48148606012211,39.0,3.3e-06,0.5,39.0,4.17852734543153
CCCCCCCCCOC1OC(CO)C(O)C(O)C1O,sugar-based non-ionic,20.0,2.16115090926275,30.4,3.61e-06,0.46,42.35,3.22708052230809
CCCCCCCCCO[C@@H]1O[C@H](CO)[C@@H](O)[C@H](O)[C@H]1N,sugar-based non-ionic,25.0,2.15490195998574,30.2,3.61e-06,0.46,41.77,3.21266004847595
CCCCCCCCO[C@@H]1O[C@H](CO)[C@@H](O)[C@H](O)[C@H]1N,sugar-based non-ionic,25.0,1.63827216398241,32.5,3.46e-06,0.48,39.47,2.62545040865638
CCCCCCCCCCCCOC1CC(O)C(OC2OC(CO)C(O)C(O)C2O)C(CO)O1,sugar-based non-ionic,22.0,3.76955107862173,35.3,3.32e-06,0.5,35.8,4.65958688106385
CCCCCCCCCCO[C@@H]1O[C@H](CO)[C@@H](O)[C@H](O)[C@H]1O,sugar-based non-ionic,25.0,2.69897000433602,28.5,4.05e-06,0.41,43.5,3.71533547536407
CCCCCC(CCCC)O[C@@H]1O[C@H](CO)[C@@H](O)[C@H](O)[C@H]1O,sugar-based non-ionic,25.0,1.82390874094432,25.1,3.02e-06,0.55,46.87,3.38411638137198
CCCCCCC(CCC)O[C@@H]1O[C@H](CO)[C@@H](O)[C@H](O)[C@H]1O,sugar-based non-ionic,25.0,1.92081875395238,26.0,3.08e-06,0.54,45.97,3.39944937151599
CCCCCCCC(=O)C(O)C1OC(N)C(O)C(O)C1O,sugar-based non-ionic,25.0,1.34678748622466,,,,,
CCCCCCCC(=O)CN(N=O)C1OC(CO)C(O)C(O)C1O,sugar-based non-ionic,25.0,1.15490195998574,,,,,
CCCCCCCC(=O)N(C)CC(O)C(O)C(O)C(O)CO,sugar-based non-ionic,25.0,1.16115090926274,,,,,
CCCCCCCC/C=C\CCCCCCCCON(CC)C1OC(CO)C(OC2OC(CO)C(O)C(O)C2O)C(O)C1O,sugar-based non-ionic,25.0,4.04575749056068,,,,,
CCCCCCCC/C=C\CCCCCCCCO[C@@H]1O[C@H](CO)[C@@H](O[C@H]2O[C@H](CO)[C@@H](O[C@H]3O[C@H](CO)[C@@H](O)[C@H](O)[C@H]3O)[C@H](O)[C@H]2O)[C@H](O)[C@H]1O,sugar-based non-ionic,25.0,4.3767507096021,,,,,
CCCCCCCCC(=O)N(C)CC(O)C(O)C(O)C(O)CO,sugar-based non-ionic,25.0,1.67778070526608,,,,,
CCCCCCCCC(C)O[C@@H]1O[C@H](CO)[C@@H](O)[C@H](O)[C@H]1O,sugar-based non-ionic,25.0,2.34678748622466,28.0,3.26e-06,0.51,43.97,3.63631527350996
CCCCCCCCCC(=O)N(C)CC(O)C(O)C(O)C(O)CO,sugar-based non-ionic,25.0,2.17392519729917,,,,,
CCCCCCCCCCOC(=O)C([C@@H](O)C(O)[C@@H](O)CO)[C@@H](O)CO,sugar-based non-ionic,25.0,2.74472749489669,26.0,,,45.97,
CCCCCCCCCOC(=O)C([C@@H](O)C(O)[C@@H](O)CO)[C@@H](O)CO,sugar-based non-ionic,25.0,2.35654732351381,25.4,,,46.57,
CCCCCCCCOC(=O)C([C@@H](O)C(O)[C@@H](O)CO)[C@@H](O)CO,sugar-based non-ionic,25.0,1.74472749489669,28.6,,,43.37,
CCCCCCCOC(=O)C([C@@H](O)C(O)[C@@H](O)CO)[C@@H](O)CO,sugar-based non-ionic,25.0,2.0,30.0,,,41.97,
CCCCCCOC(=O)C([C@@H](O)C(O)[C@@H](O)CO)[C@@H](O)CO,sugar-based non-ionic,25.0,1.23657200643706,33.2,,,38.77,
CCCCCCOC([C@@H](O)C(O)[C@@H](O)CO)[C@@H](O)CO,sugar-based non-ionic,25.0,2.0268721464003,,,,,
CCCCCOC(=O)C([C@@H](O)C(O)[C@@H](O)CO)[C@@H](O)CO,sugar-based non-ionic,25.0,0.920818753952375,30.0,,,41.97,
CCCCCOC([C@@H](O)C(O)[C@@H](O)CO)[C@@H](O)CO,sugar-based non-ionic,25.0,1.42021640338319,,,,,
CCCCCSC([C@@H](O)C(O)[C@@H](O)CO)[C@@H](O)CO,sugar-based non-ionic,25.0,1.33724216831843,,,,,
CCCCOC([C@@H](O)C(O)[C@@H](O)CO)[C@@H](O)CO,sugar-based non-ionic,25.0,1.23657200643706,,,,,
CCCCSC([C@@H](O)C(O)[C@@H](O)CO)[C@@H](O)CO,sugar-based non-ionic,25.0,0.744727494896694,,,,,
CCCCCC(=O)CC(=O)NC1CCOC1=O,sugar-based non-ionic,25.0,2.66354026615147,,,,,
CCCCCCC(=O)OCC(O)C(O)C(O)CO,sugar-based non-ionic,25.0,2.0,,,,,
CCCCCCCCCC(=O)OCC(O)C(O)C(O)CO,sugar-based non-ionic,25.0,1.23657200643706,,,,,
CCCCCCCCCCCC(=O)NC1CCOC1=O,sugar-based non-ionic,25.0,5.39794000867204,,,,,
CCCCCCCCCCCCCCCC(=O)NC1CCOC1=O,sugar-based non-ionic,25.0,6.79588001734408,,,,,
CCCCCCCCCCCCOC1OC(CO)C(O)C(O)C1O,sugar-based non-ionic,25.0,3.72124639904717,,,,,
CCCCCCCCCCOCCOCCOCCO,sugar-based non-ionic,25.0,3.22184874961636,,,,,
CCCCCCCCOC1OC(CO)C(O)C(O)C1O,sugar-based non-ionic,25.0,2.23657200643706,,,,,
COCCOCCOCCOCCOCCOCCOCCOCCOCCO,sugar-based non-ionic,25.0,1.88605664769316,,,,,
CCCCCCCCCCC(C(=O)[O-])[n+]1ccccc1,zwitterionic,25.0,2.2839966563652,39.9,3.59e-06,0.462545701162631,32.1,
CCCCCCCCCCCCC(C(=O)[O-])[n+]1ccccc1,zwitterionic,25.0,3.22184874961636,37.0,3.57e-06,0.46513699360612,35.0,
CCCCCCCCCCCCCCCC[N+](C)(C)CC(=O)[O-],zwitterionic,23.0,4.69897000433602,32.3,4.13e-06,0.402067570744273,39.7,
CCCCCCCCCCCCCC[N+](C)(C)CC(=O)[O-],zwitterionic,23.0,3.65757731917779,34.5,3.53e-06,0.470407667754631,37.5,
CCCCCCCCCCCC[N+](C)(C)CC(=O)[O-],zwitterionic,23.0,2.69897000433602,33.24,3.57e-06,0.46513699360612,36.3,
CCCCCCCCCC[N+](C)(C)CC(=O)[O-],zwitterionic,23.0,1.74472749489669,37.0,4.15e-06,0.400129895704541,39.7,
CCCCCCCCC(C(=O)[O-])[N+](C)(C)C,zwitterionic,27.0,1.01322826573376,,,,,
CCCCCCCCCCC(C(=O)[O-])[N+](C)(C)C,zwitterionic,27.0,1.88605664769316,,,,,
CCCCCCCCCCCCC(C(=O)[O-])[N+](C)(C)C,zwitterionic,27.0,2.88605664769316,,,,,
CCCCCCCCCCCC[N+](C)(C)[O-],zwitterionic,27.0,2.67778070526608,,,,,
CCCCCCCCCC[N+](C)(C)CCCC(=O)[O-],zwitterionic,25.0,2.33724216831843,,,,,
CCCCCCCCCC[N+](C)(C)CCCCCCCC(=O)[O-],zwitterionic,25.0,2.82390874094432,,,,,
CCCCCCCC[N+](C)(C)CC(=O)[O-],zwitterionic,25.0,0.602059991327962,,,,,
CCCCCCCCCCCCCCCCCC[N+](C)(C)CCOP(=O)([O-])OCCCCCCCC,zwitterionic,25.0,5.3188,,,,,
CCCCCCCCCCCCCCCC[N+](C)(C)CCOP(=O)([O-])OCCCCCCCCCC,zwitterionic,25.0,5.301,,,,,
CCCCCCCCCCCCCCOP(=O)([O-])OCC[N+](C)(C)CCCCCCCC,zwitterionic,25.0,5.0969,,,,,
CCCCCCCCCCCCCCOP(=O)([O-])OCC[N+](C)(C)CCCCCCCCCC,zwitterionic,25.0,5.2596,,,,,
CCCCCCCCCCCCCCOP(=O)([O-])OCC[N+](C)(C)CCCCCCCCCCCC,zwitterionic,25.0,5.1549,,,,,
CCCCCCCCCCCCCC[N+](C)(C)CCOP(=O)([O-])OCCCCCCCC,zwitterionic,25.0,5.2147,,,,,
CCCCCCCCCCCCCC[N+](C)(C)CCOP(=O)([O-])OCCCCCCCCCC,zwitterionic,25.0,5.2757,,,,,
CCCCCCCCCCCCOP(=O)([O-])OCC[N+](C)(C)CCCCCCCC,zwitterionic,25.0,4.7447,,,,,
CCCCCCCCCCCCOP(=O)([O-])OCC[N+](C)(C)CCCCCCCCCCCC,zwitterionic,25.0,5.0458,,,,,
CCCCCCCCCCCC[N+](C)(C)CCOP(=O)([O-])OCCCCCCCC,zwitterionic,25.0,4.8539,,,,,
CCCCCCCCCCCC[N+](C)(C)CCOP(=O)([O-])OCCCCCCCCCC,zwitterionic,25.0,4.8861,,,,,
CCCCCCCCCCOP(=O)([O-])OCC[N+](C)(C)CCCCCCCC,zwitterionic,25.0,4.0,,,,,
CCCCCCCCCCOP(=O)([O-])OCC[N+](C)(C)CCCCCCCCCC,zwitterionic,25.0,4.8861,,,,,
CCCCCCCCCC[N+](C)(C)CCOP(=O)([O-])OCCCCCCCC,zwitterionic,25.0,3.95860000000009,,,,,
CCCCCCCCOP(=O)([O-])OCC[N+](C)(C)CCCCCCCC,zwitterionic,25.0,3.0,,,,,
CCCCCCCCCCCCOCC(O)C[N+](C)(C)CC(O)COCCCCCCCCCCCC.COS(=O)(=O)[O-],zwitterionic,25.0,3.81815641205523,28.9,,,43.07,
CCCCCCCCCCCCOCC(C[N+](C)(C)CC(COCCCCCCCCCCCC)OCCO)OCCO.COS(=O)(=O)[O-],zwitterionic,25.0,3.04527520902094,28.6,,,43.18,
CCCCCCCCCCCCOCC(C[N+](C)(C)CC(COCCCCCCCCCCCC)OCCOCCOCCO)OCCOCCO.COS(=O)(=O)[O-],zwitterionic,25.0,3.30803489723264,32.2,,,39.58,
CCCCCCCCCCCC[N+](C)(C)CCCC(=O)[O-],zwitterionic,25.0,2.33724216831843,,,,,
CCCCCCCCCCCC[N+](C)(C)CCCCCC(=O)[O-],zwitterionic,25.0,2.58502665202918,,,,,
CCCCCCCCCCCC[N+](C)(C)CCCS(=O)(=O)[O-],zwitterionic,25.0,2.52287874528034,,,,,
CCCCCCCCCCCCCC[N+](C)(C)CCCS(=O)(=O)[O-],zwitterionic,25.0,3.49485002168009,,,,,
CCCCCCC(=O)OC(C)C(=O)NCCC[N+](C)(C)C.COS(=O)(=O)[O-],zwitterionic,,,40.4,,,,
CCCCCCCC(=O)OC(C)C(=O)NCCC[N+](C)(C)C.COS(=O)(=O)[O-],zwitterionic,,,37.8,,,,
CCCCCCCCC(=O)OC(C)C(=O)NCCC[N+](C)(C)C.COS(=O)(=O)[O-],zwitterionic,,,37.3,,,,
CCCCCCCCCC(=O)OC(C)C(=O)NCCC[N+](C)(C)C.COS(=O)(=O)[O-],zwitterionic,,,25.4,,,,
CCCCCCCCCCC(=O)OC(C)C(=O)NCCC[N+](C)(C)C.COS(=O)(=O)[O-],zwitterionic,,,25.2,,,,
CCCCCCCCCCCC(=O)OC(C)C(=O)NCCC[N+](C)(C)C.COS(=O)(=O)[O-],zwitterionic,,,24.2,,,,
CCCCCCCCCCCC1=[N+](CCO)CCN1.O=C([O-])O,zwitterionic,,,29.0,,,,
CCCCCCCCCCCCCC(=O)OC(C)C(=O)NCCC[N+](C)(C)C.COS(=O)(=O)[O-],zwitterionic,,,26.4,,,,
CCCCCCCCCCCCCC1=[N+](CCO)CCN1.O=C([O-])O,zwitterionic,,,28.1,,,,
CCCCCCCCCCCCCCCC(=O)OC(C)C(=O)NCCC[N+](C)(C)C.COS(=O)(=O)[O-],zwitterionic,,,31.7,,,,
CCCCCCCCCCCCCCCC1=[N+](CCO)CCN1.O=C([O-])O,zwitterionic,,,36.4,,,,
CCCCCCCCCCCCCCCCCC(=O)OC(C)C(=O)NCCC[N+](C)(C)C.COS(=O)(=O)[O-],zwitterionic,,,35.8,,,,
CCCCCCCCCCCCCCCCCC(=O)OCC[N+](C)(CCO)CCOC(=O)CCCCCCCCCCCCCCCCC.COS(=O)(=O)[O-],zwitterionic,,,30.0,,,,
CCCCCCCCCCCCCCCCCC1=[N+](CCO)CCN1.O=C([O-])O,zwitterionic,,,33.1,,,,
CCCCCCCCCCCC[N+](C)(C)C.COS(=O)(=O)[O-],zwitterionic,,,38.3,,,,
